Workbook
Name Slicer_Diabetes_status: #N/A
Name Slicer_Weight_status: #N/A

Sheet Healthcare
A1: Customer ID | B1: First name | C1: BMI | D1: HBA1C | E1: Heart Issues | F1: Any transplants | G1: Cancer history | H1: Number of Major Surgeries | I1: Smoker | J1: Weight status | K1: Diabetes status | L1: Date of birth | M1: Charges | N1: Hospital tier | O1: City tier | P1: State ID | Q1: Age
A2: Id1 | B2: Kelly | C2: 47.41 | D2: 7.47 | E2: No | F2: No | G2: No | H2: 0 | I2: Yes | J2: Obesity | K2: Diabetes | L2: =VLOOKUP(A2,'Hospitalisation Details'!$A$1:$N$2344,5,FALSE) -> 25123 | M2: =VLOOKUP(A2,'Hospitalisation Details'!$A$1:$N$2344,8,FALSE) -> 63770.43 | N2: =VLOOKUP(A2,'Hospitalisation Details'!$A$1:$N$2344,12,FALSE) -> tier - 1 | O2: =VLOOKUP(A2,'Hospitalisation Details'!$A$1:$N$2344,13,FALSE) -> tier - 3 | P2: =VLOOKUP(A2,'Hospitalisation Details'!$A$1:$N$2344,14,FALSE) -> R1013 | Q2: =VLOOKUP(A2,'Hospitalisation Details'!$A$1:$N$2344,6,FALSE) -> 54
A3: Id2 | B3: Matthew D | C3: 30.36 | D3: 5.77 | E3: No | F3: No | G3: No | H3: 0 | I3: Yes | J3: Obesity | K3: Prediabetes | L3: =VLOOKUP(A3,'Hospitalisation Details'!$A$1:$N$2344,5,FALSE) -> 28284 | M3: =VLOOKUP(A3,'Hospitalisation Details'!$A$1:$N$2344,8,FALSE) -> 62592.87 | N3: =VLOOKUP(A3,'Hospitalisation Details'!$A$1:$N$2344,12,FALSE) -> tier - 2 | O3: =VLOOKUP(A3,'Hospitalisation Details'!$A$1:$N$2344,13,FALSE) -> tier - 3 | P3: =VLOOKUP(A3,'Hospitalisation Details'!$A$1:$N$2344,14,FALSE) -> R1013 | Q3: =VLOOKUP(A3,'Hospitalisation Details'!$A$1:$N$2344,6,FALSE) -> 46
A4: Id3 | B4: Phil | C4: 34.485 | D4: 11.87 | E4: Yes | F4: No | G4: No | H4: 2 | I4: Yes | J4: Obesity | K4: Diabetes | L4: =VLOOKUP(A4,'Hospitalisation Details'!$A$1:$N$2344,5,FALSE) -> 25822 | M4: =VLOOKUP(A4,'Hospitalisation Details'!$A$1:$N$2344,8,FALSE) -> 60021.4 | N4: =VLOOKUP(A4,'Hospitalisation Details'!$A$1:$N$2344,12,FALSE) -> tier - 1 | O4: =VLOOKUP(A4,'Hospitalisation Details'!$A$1:$N$2344,13,FALSE) -> tier - 1 | P4: =VLOOKUP(A4,'Hospitalisation Details'!$A$1:$N$2344,14,FALSE) -> R1012 | Q4: =VLOOKUP(A4,'Hospitalisation Details'!$A$1:$N$2344,6,FALSE) -> 52
A5: Id4 | B5: Kelsey | C5: 38.095 | D5: 6.05 | E5: No | F5: No | G5: No | H5: 0 | I5: Yes | J5: Obesity | K5: Prediabetes | L5: =VLOOKUP(A5,'Hospitalisation Details'!$A$1:$N$2344,5,FALSE) -> 33395 | M5: =VLOOKUP(A5,'Hospitalisation Details'!$A$1:$N$2344,8,FALSE) -> 58571.07 | N5: =VLOOKUP(A5,'Hospitalisation Details'!$A$1:$N$2344,12,FALSE) -> tier - 1 | O5: =VLOOKUP(A5,'Hospitalisation Details'!$A$1:$N$2344,13,FALSE) -> tier - 3 | P5: =VLOOKUP(A5,'Hospitalisation Details'!$A$1:$N$2344,14,FALSE) -> R1024 | Q5: =VLOOKUP(A5,'Hospitalisation Details'!$A$1:$N$2344,6,FALSE) -> 32
A6: Id5 | B6: Kristyn | C6: 35.53 | D6: 5.45 | E6: No | F6: No | G6: No | H6: 0 | I6: Yes | J6: Obesity | K6: Normal | L6: =VLOOKUP(A6,'Hospitalisation Details'!$A$1:$N$2344,5,FALSE) -> 32678 | M6: =VLOOKUP(A6,'Hospitalisation Details'!$A$1:$N$2344,8,FALSE) -> 55135.4 | N6: =VLOOKUP(A6,'Hospitalisation Details'!$A$1:$N$2344,12,FALSE) -> tier - 1 | O6: =VLOOKUP(A6,'Hospitalisation Details'!$A$1:$N$2344,13,FALSE) -> tier - 2 | P6: =VLOOKUP(A6,'Hospitalisation Details'!$A$1:$N$2344,14,FALSE) -> R1012 | Q6: =VLOOKUP(A6,'Hospitalisation Details'!$A$1:$N$2344,6,FALSE) -> 33
A7: Id6 | B7: Russell B | C7: 32.8 | D7: 6.59 | E7: No | F7: No | G7: No | H7: 0 | I7: Yes | J7: Obesity | K7: Diabetes | L7: =VLOOKUP(A7,'Hospitalisation Details'!$A$1:$N$2344,5,FALSE) -> 22862 | M7: =VLOOKUP(A7,'Hospitalisation Details'!$A$1:$N$2344,8,FALSE) -> 52590.83 | N7: =VLOOKUP(A7,'Hospitalisation Details'!$A$1:$N$2344,12,FALSE) -> tier - 1 | O7: =VLOOKUP(A7,'Hospitalisation Details'!$A$1:$N$2344,13,FALSE) -> tier - 3 | P7: =VLOOKUP(A7,'Hospitalisation Details'!$A$1:$N$2344,14,FALSE) -> R1011 | Q7: =VLOOKUP(A7,'Hospitalisation Details'!$A$1:$N$2344,6,FALSE) -> 60
A8: Id7 | B8: Scott | C8: 36.4 | D8: 6.07 | E8: No | F8: No | G8: No | H8: 0 | I8: Yes | J8: Obesity | K8: Prediabetes | L8: =VLOOKUP(A8,'Hospitalisation Details'!$A$1:$N$2344,5,FALSE) -> 34634 | M8: =VLOOKUP(A8,'Hospitalisation Details'!$A$1:$N$2344,8,FALSE) -> 51194.56 | N8: =VLOOKUP(A8,'Hospitalisation Details'!$A$1:$N$2344,12,FALSE) -> tier - 1 | O8: =VLOOKUP(A8,'Hospitalisation Details'!$A$1:$N$2344,13,FALSE) -> tier - 3 | P8: =VLOOKUP(A8,'Hospitalisation Details'!$A$1:$N$2344,14,FALSE) -> R1011 | Q8: =VLOOKUP(A8,'Hospitalisation Details'!$A$1:$N$2344,6,FALSE) -> 28
A9: Id8 | B9: Stephen | C9: 36.96 | D9: 7.93 | E9: No | F9: No | G9: No | H9: 3 | I9: Yes | J9: Obesity | K9: Diabetes | L9: =VLOOKUP(A9,'Hospitalisation Details'!$A$1:$N$2344,5,FALSE) -> 21363 | M9: =VLOOKUP(A9,'Hospitalisation Details'!$A$1:$N$2344,8,FALSE) -> 49577.66 | N9: =VLOOKUP(A9,'Hospitalisation Details'!$A$1:$N$2344,12,FALSE) -> tier - 2 | O9: =VLOOKUP(A9,'Hospitalisation Details'!$A$1:$N$2344,13,FALSE) -> tier - 2 | P9: =VLOOKUP(A9,'Hospitalisation Details'!$A$1:$N$2344,14,FALSE) -> R1013 | Q9: =VLOOKUP(A9,'Hospitalisation Details'!$A$1:$N$2344,6,FALSE) -> 64
A10: Id9 | B10: Patrick R | C10: 41.14 | D10: 9.58 | E10: Yes | F10: No | G10: Yes | H10: 1 | I10: Yes | J10: Obesity | K10: Diabetes | L10: =VLOOKUP(A10,'Hospitalisation Details'!$A$1:$N$2344,5,FALSE) -> 23258 | M10: =VLOOKUP(A10,'Hospitalisation Details'!$A$1:$N$2344,8,FALSE) -> 48970.25 | N10: =VLOOKUP(A10,'Hospitalisation Details'!$A$1:$N$2344,12,FALSE) -> tier - 1 | O10: =VLOOKUP(A10,'Hospitalisation Details'!$A$1:$N$2344,13,FALSE) -> tier - 2 | P10: =VLOOKUP(A10,'Hospitalisation Details'!$A$1:$N$2344,14,FALSE) -> R1013 | Q10: =VLOOKUP(A10,'Hospitalisation Details'!$A$1:$N$2344,6,FALSE) -> 59
A11: Id10 | B11: Brooke N | C11: 38.06 | D11: 10.79 | E11: No | F11: No | G11: No | H11: 0 | I11: Yes | J11: Obesity | K11: Diabetes | L11: =VLOOKUP(A11,'Hospitalisation Details'!$A$1:$N$2344,5,FALSE) -> 28853 | M11: =VLOOKUP(A11,'Hospitalisation Details'!$A$1:$N$2344,8,FALSE) -> 48885.14 | N11: =VLOOKUP(A11,'Hospitalisation Details'!$A$1:$N$2344,12,FALSE) -> tier - 1 | O11: =VLOOKUP(A11,'Hospitalisation Details'!$A$1:$N$2344,13,FALSE) -> tier - 2 | P11: =VLOOKUP(A11,'Hospitalisation Details'!$A$1:$N$2344,14,FALSE) -> R1013 | Q11: =VLOOKUP(A11,'Hospitalisation Details'!$A$1:$N$2344,6,FALSE) -> 44
A12: Id11 | B12: Paola Andrea | C12: 37.7 | D12: 5.96 | E12: Yes | F12: No | G12: No | H12: 2 | I12: Yes | J12: Obesity | K12: Prediabetes | L12: =VLOOKUP(A12,'Hospitalisation Details'!$A$1:$N$2344,5,FALSE) -> 21753 | M12: =VLOOKUP(A12,'Hospitalisation Details'!$A$1:$N$2344,8,FALSE) -> 48824.45 | N12: =VLOOKUP(A12,'Hospitalisation Details'!$A$1:$N$2344,12,FALSE) -> tier - 2 | O12: =VLOOKUP(A12,'Hospitalisation Details'!$A$1:$N$2344,13,FALSE) -> tier - 1 | P12: =VLOOKUP(A12,'Hospitalisation Details'!$A$1:$N$2344,14,FALSE) -> R1011 | Q12: =VLOOKUP(A12,'Hospitalisation Details'!$A$1:$N$2344,6,FALSE) -> 63
A13: Id12 | B13: David | C13: 42.13 | D13: 11.9 | E13: No | F13: No | G13: No | H13: 0 | I13: Yes | J13: Obesity | K13: Diabetes | L13: =VLOOKUP(A13,'Hospitalisation Details'!$A$1:$N$2344,5,FALSE) -> 24042 | M13: =VLOOKUP(A13,'Hospitalisation Details'!$A$1:$N$2344,8,FALSE) -> 48675.52 | N13: =VLOOKUP(A13,'Hospitalisation Details'!$A$1:$N$2344,12,FALSE) -> tier - 1 | O13: =VLOOKUP(A13,'Hospitalisation Details'!$A$1:$N$2344,13,FALSE) -> tier - 2 | P13: =VLOOKUP(A13,'Hospitalisation Details'!$A$1:$N$2344,14,FALSE) -> R1013 | Q13: =VLOOKUP(A13,'Hospitalisation Details'!$A$1:$N$2344,6,FALSE) -> 57
... A2336: Id2335 | B2336: Aaron K | C2336: 17.58 | D2336: 4.51 | E2336: No | F2336: No | G2336: No | H2336: 1 | I2336: No | J2336: Underweight | K2336: Normal | L2336: =VLOOKUP(A2336,'Hospitalisation Details'!$A$1:$N$2344,5,FALSE) -> 33794 | M2336: =VLOOKUP(A2336,'Hospitalisation Details'!$A$1:$N$2344,8,FALSE) -> 563.84 | N2336: =VLOOKUP(A2336,'Hospitalisation Details'!$A$1:$N$2344,12,FALSE) -> tier - 2 | O2336: =VLOOKUP(A2336,'Hospitalisation Details'!$A$1:$N$2344,13,FALSE) -> tier - 3 | P2336: =VLOOKUP(A2336,'Hospitalisation Details'!$A$1:$N$2344,14,FALSE) -> R1013 | Q2336: =VLOOKUP(A2336,'Hospitalisation Details'!$A$1:$N$2344,6,FALSE) -> 30
G2339: sum | H2339: =SUM(H2:H2336) -> 1579

Sheet Customer Names
A1: Customer ID | B1: name | C1: Last name | D1: Title | E1: First name
A2: Id1 | B2: Hawks, Ms. Kelly | C2: Hawks | D2: Ms | E2: Kelly
A3: Id2 | B3: Lehner, Mr. Matthew D | C3: Lehner | D3: Mr | E3: Matthew D
A4: Id3 | B4: Lu, Mr. Phil | C4: Lu | D4: Mr | E4: Phil
A5: Id4 | B5: Osborne, Ms. Kelsey | C5: Osborne | D5: Ms | E5: Kelsey
A6: Id5 | B6: Kadala, Ms. Kristyn | C6: Kadala | D6: Ms | E6: Kristyn
A7: Id6 | B7: Baker, Mr. Russell B. | C7: Baker | D7: Mr | E7: Russell B
A8: Id7 | B8: Macpherson, Mr. Scott | C8: Macpherson | D8: Mr | E8: Scott
A9: Id8 | B9: Hallman, Mr. Stephen | C9: Hallman | D9: Mr | E9: Stephen
A10: Id9 | B10: Moran, Mr. Patrick R. | C10: Moran | D10: Mr | E10: Patrick R
A11: Id10 | B11: Benner, Ms. Brooke N. | C11: Benner | D11: Ms | E11: Brooke N
A12: Id11 | B12: Fierro Vargas, Ms. Paola Andrea | C12: Fierro Vargas | D12: Ms | E12: Paola Andrea
... A2336: Id2335 | B2336: German, Mr. Aaron K | C2336: German | D2336: Mr | E2336: Aaron K

Sheet Medical Examinations
A1: Customer ID | B1: BMI | C1: HBA1C | D1: Heart Issues | E1: Any Transplants | F1: Cancer history | G1: NumberOfMajorSurgeries | H1: smoker | Q1: Number of Major Surgeries | R1: Heart Issues | T1: Smoker | U1: Weight status | V1: Diabetes status | W1: Any transplants
A2: Id1 | B2: 47.41 | C2: 7.47 | D2: No | E2: No | F2: No | G2: No major surgery | H2: yes | I2: =CLEAN(A2) -> Id1 | J2: =CLEAN(B2) -> 47.41 | K2: =CLEAN(C2) -> 7.47 | L2: =CLEAN(D2) -> No | M2: =CLEAN(E2) -> No | N2: =CLEAN(F2) -> No | O2: =CLEAN(G2) -> No major surgery | P2: =CLEAN(H2) -> yes | Q2: =SUBSTITUTE(O2,"No major surgery",0) -> 0 | R2: =PROPER(L2) -> No | S2: =PROPER(P2) -> Yes | T2: =SUBSTITUTE(S2,"?","No") -> Yes | U2: {=_xlfn.IFS(B2<18.5,"Underweight",B2<=24.9,"Normal weight",B2<=29.99,"Over weight",B2>=30,"Obesity")} -> Obesity | V2: {=_xlfn.IFS(C2<5.7,"Normal",C2<=6.49,"Prediabetes",C2>=6.5,"Diabetes")} -> Diabetes | W2: =PROPER(E2) -> No
A3: Id2 | B3: 30.36 | C3: 5.77 | D3: No | E3: No | F3: No | G3: No major surgery | H3: yes | I3: =CLEAN(A3) -> Id2 | J3: =CLEAN(B3) -> 30.36 | K3: =CLEAN(C3) -> 5.77 | L3: =CLEAN(D3) -> No | M3: =CLEAN(E3) -> No | N3: =CLEAN(F3) -> No | O3: =CLEAN(G3) -> No major surgery | P3: =CLEAN(H3) -> yes | Q3: =SUBSTITUTE(O3,"No major surgery",0) -> 0 | R3: =PROPER(L3) -> No | S3: =PROPER(P3) -> Yes | T3: =SUBSTITUTE(S3,"?","No") -> Yes | U3: {=_xlfn.IFS(B3<18.5,"Underweight",B3<=24.9,"Normal weight",B3<=29.99,"Over weight",B3>=30,"Obesity")} -> Obesity | V3: {=_xlfn.IFS(C3<5.7,"Normal",C3<=6.49,"Prediabetes",C3>=6.5,"Diabetes")} -> Prediabetes | W3: =PROPER(E3) -> No
A4: Id3 | B4: 34.485 | C4: 11.87 | D4: yes | E4: No | F4: No | G4: 2 | H4: yes | I4: =CLEAN(A4) -> Id3 | J4: =CLEAN(B4) -> 34.485 | K4: =CLEAN(C4) -> 11.87 | L4: =CLEAN(D4) -> yes | M4: =CLEAN(E4) -> No | N4: =CLEAN(F4) -> No | O4: =CLEAN(G4) -> 2 | P4: =CLEAN(H4) -> yes | Q4: =SUBSTITUTE(O4,"No major surgery",0) -> 2 | R4: =PROPER(L4) -> Yes | S4: =PROPER(P4) -> Yes | T4: =SUBSTITUTE(S4,"?","No") -> Yes | U4: {=_xlfn.IFS(B4<18.5,"Underweight",B4<=24.9,"Normal weight",B4<=29.99,"Over weight",B4>=30,"Obesity")} -> Obesity | V4: {=_xlfn.IFS(C4<5.7,"Normal",C4<=6.49,"Prediabetes",C4>=6.5,"Diabetes")} -> Diabetes | W4: =PROPER(E4) -> No
A5: Id4 | B5: 38.095 | C5: 6.05 | D5: No | E5: No | F5: No | G5: No major surgery | H5: yes | I5: =CLEAN(A5) -> Id4 | J5: =CLEAN(B5) -> 38.095 | K5: =CLEAN(C5) -> 6.05 | L5: =CLEAN(D5) -> No | M5: =CLEAN(E5) -> No | N5: =CLEAN(F5) -> No | O5: =CLEAN(G5) -> No major surgery | P5: =CLEAN(H5) -> yes | Q5: =SUBSTITUTE(O5,"No major surgery",0) -> 0 | R5: =PROPER(L5) -> No | S5: =PROPER(P5) -> Yes | T5: =SUBSTITUTE(S5,"?","No") -> Yes | U5: {=_xlfn.IFS(B5<18.5,"Underweight",B5<=24.9,"Normal weight",B5<=29.99,"Over weight",B5>=30,"Obesity")} -> Obesity | V5: {=_xlfn.IFS(C5<5.7,"Normal",C5<=6.49,"Prediabetes",C5>=6.5,"Diabetes")} -> Prediabetes | W5: =PROPER(E5) -> No
A6: Id5 | B6: 35.53 | C6: 5.45 | D6: No | E6: No | F6: No | G6: No major surgery | H6: yes | I6: =CLEAN(A6) -> Id5 | J6: =CLEAN(B6) -> 35.53 | K6: =CLEAN(C6) -> 5.45 | L6: =CLEAN(D6) -> No | M6: =CLEAN(E6) -> No | N6: =CLEAN(F6) -> No | O6: =CLEAN(G6) -> No major surgery | P6: =CLEAN(H6) -> yes | Q6: =SUBSTITUTE(O6,"No major surgery",0) -> 0 | R6: =PROPER(L6) -> No | S6: =PROPER(P6) -> Yes | T6: =SUBSTITUTE(S6,"?","No") -> Yes | U6: {=_xlfn.IFS(B6<18.5,"Underweight",B6<=24.9,"Normal weight",B6<=29.99,"Over weight",B6>=30,"Obesity")} -> Obesity | V6: {=_xlfn.IFS(C6<5.7,"Normal",C6<=6.49,"Prediabetes",C6>=6.5,"Diabetes")} -> Normal | W6: =PROPER(E6) -> No
A7: Id6 | B7: 32.8 | C7: 6.59 | D7: No | E7: No | F7: No | G7: No major surgery | H7: yes | I7: =CLEAN(A7) -> Id6 | J7: =CLEAN(B7) -> 32.8 | K7: =CLEAN(C7) -> 6.59 | L7: =CLEAN(D7) -> No | M7: =CLEAN(E7) -> No | N7: =CLEAN(F7) -> No | O7: =CLEAN(G7) -> No major surgery | P7: =CLEAN(H7) -> yes | Q7: =SUBSTITUTE(O7,"No major surgery",0) -> 0 | R7: =PROPER(L7) -> No | S7: =PROPER(P7) -> Yes | T7: =SUBSTITUTE(S7,"?","No") -> Yes | U7: {=_xlfn.IFS(B7<18.5,"Underweight",B7<=24.9,"Normal weight",B7<=29.99,"Over weight",B7>=30,"Obesity")} -> Obesity | V7: {=_xlfn.IFS(C7<5.7,"Normal",C7<=6.49,"Prediabetes",C7>=6.5,"Diabetes")} -> Diabetes | W7: =PROPER(E7) -> No
A8: Id7 | B8: 36.4 | C8: 6.07 | D8: No | E8: No | F8: No | G8: No major surgery | H8: yes | I8: =CLEAN(A8) -> Id7 | J8: =CLEAN(B8) -> 36.4 | K8: =CLEAN(C8) -> 6.07 | L8: =CLEAN(D8) -> No | M8: =CLEAN(E8) -> No | N8: =CLEAN(F8) -> No | O8: =CLEAN(G8) -> No major surgery | P8: =CLEAN(H8) -> yes | Q8: =SUBSTITUTE(O8,"No major surgery",0) -> 0 | R8: =PROPER(L8) -> No | S8: =PROPER(P8) -> Yes | T8: =SUBSTITUTE(S8,"?","No") -> Yes | U8: {=_xlfn.IFS(B8<18.5,"Underweight",B8<=24.9,"Normal weight",B8<=29.99,"Over weight",B8>=30,"Obesity")} -> Obesity | V8: {=_xlfn.IFS(C8<5.7,"Normal",C8<=6.49,"Prediabetes",C8>=6.5,"Diabetes")} -> Prediabetes | W8: =PROPER(E8) -> No
A9: Id8 | B9: 36.96 | C9: 7.93 | D9: No | E9: No | F9: No | G9: 3 | H9: yes | I9: =CLEAN(A9) -> Id8 | J9: =CLEAN(B9) -> 36.96 | K9: =CLEAN(C9) -> 7.93 | L9: =CLEAN(D9) -> No | M9: =CLEAN(E9) -> No | N9: =CLEAN(F9) -> No | O9: =CLEAN(G9) -> 3 | P9: =CLEAN(H9) -> yes | Q9: =SUBSTITUTE(O9,"No major surgery",0) -> 3 | R9: =PROPER(L9) -> No | S9: =PROPER(P9) -> Yes | T9: =SUBSTITUTE(S9,"?","No") -> Yes | U9: {=_xlfn.IFS(B9<18.5,"Underweight",B9<=24.9,"Normal weight",B9<=29.99,"Over weight",B9>=30,"Obesity")} -> Obesity | V9: {=_xlfn.IFS(C9<5.7,"Normal",C9<=6.49,"Prediabetes",C9>=6.5,"Diabetes")} -> Diabetes | W9: =PROPER(E9) -> No
A10: Id9 | B10: 41.14 | C10: 9.58 | D10: yes | E10: No | F10: Yes | G10: 1 | H10: yes | I10: =CLEAN(A10) -> Id9 | J10: =CLEAN(B10) -> 41.14 | K10: =CLEAN(C10) -> 9.58 | L10: =CLEAN(D10) -> yes | M10: =CLEAN(E10) -> No | N10: =CLEAN(F10) -> Yes | O10: =CLEAN(G10) -> 1 | P10: =CLEAN(H10) -> yes | Q10: =SUBSTITUTE(O10,"No major surgery",0) -> 1 | R10: =PROPER(L10) -> Yes | S10: =PROPER(P10) -> Yes | T10: =SUBSTITUTE(S10,"?","No") -> Yes | U10: {=_xlfn.IFS(B10<18.5,"Underweight",B10<=24.9,"Normal weight",B10<=29.99,"Over weight",B10>=30,"Obesity")} -> Obesity | V10: {=_xlfn.IFS(C10<5.7,"Normal",C10<=6.49,"Prediabetes",C10>=6.5,"Diabetes")} -> Diabetes | W10: =PROPER(E10) -> No
A11: Id10 | B11: 38.06 | C11: 10.79 | D11: No | E11: No | F11: No | G11: No major surgery | H11: yes | I11: =CLEAN(A11) -> Id10 | J11: =CLEAN(B11) -> 38.06 | K11: =CLEAN(C11) -> 10.79 | L11: =CLEAN(D11) -> No | M11: =CLEAN(E11) -> No | N11: =CLEAN(F11) -> No | O11: =CLEAN(G11) -> No major surgery | P11: =CLEAN(H11) -> yes | Q11: =SUBSTITUTE(O11,"No major surgery",0) -> 0 | R11: =PROPER(L11) -> No | S11: =PROPER(P11) -> Yes | T11: =SUBSTITUTE(S11,"?","No") -> Yes | U11: {=_xlfn.IFS(B11<18.5,"Underweight",B11<=24.9,"Normal weight",B11<=29.99,"Over weight",B11>=30,"Obesity")} -> Obesity | V11: {=_xlfn.IFS(C11<5.7,"Normal",C11<=6.49,"Prediabetes",C11>=6.5,"Diabetes")} -> Diabetes | W11: =PROPER(E11) -> No
A12: Id11 | B12: 37.7 | C12: 5.96 | D12: yes | E12: No | F12: No | G12: 2 | H12: yes | I12: =CLEAN(A12) -> Id11 | J12: =CLEAN(B12) -> 37.7 | K12: =CLEAN(C12) -> 5.96 | L12: =CLEAN(D12) -> yes | M12: =CLEAN(E12) -> No | N12: =CLEAN(F12) -> No | O12: =CLEAN(G12) -> 2 | P12: =CLEAN(H12) -> yes | Q12: =SUBSTITUTE(O12,"No major surgery",0) -> 2 | R12: =PROPER(L12) -> Yes | S12: =PROPER(P12) -> Yes | T12: =SUBSTITUTE(S12,"?","No") -> Yes | U12: {=_xlfn.IFS(B12<18.5,"Underweight",B12<=24.9,"Normal weight",B12<=29.99,"Over weight",B12>=30,"Obesity")} -> Obesity | V12: {=_xlfn.IFS(C12<5.7,"Normal",C12<=6.49,"Prediabetes",C12>=6.5,"Diabetes")} -> Prediabetes | W12: =PROPER(E12) -> No
A13: Id12 | B13: 42.13 | C13: 11.9 | D13: No | E13: No | F13: No | G13: No major surgery | H13: yes | I13: =CLEAN(A13) -> Id12 | J13: =CLEAN(B13) -> 42.13 | K13: =CLEAN(C13) -> 11.9 | L13: =CLEAN(D13) -> No | M13: =CLEAN(E13) -> No | N13: =CLEAN(F13) -> No | O13: =CLEAN(G13) -> No major surgery | P13: =CLEAN(H13) -> yes | Q13: =SUBSTITUTE(O13,"No major surgery",0) -> 0 | R13: =PROPER(L13) -> No | S13: =PROPER(P13) -> Yes | T13: =SUBSTITUTE(S13,"?","No") -> Yes | U13: {=_xlfn.IFS(B13<18.5,"Underweight",B13<=24.9,"Normal weight",B13<=29.99,"Over weight",B13>=30,"Obesity")} -> Obesity | V13: {=_xlfn.IFS(C13<5.7,"Normal",C13<=6.49,"Prediabetes",C13>=6.5,"Diabetes")} -> Diabetes | W13: =PROPER(E13) -> No
A14: Id13 | B14: 40.92 | C14: 8.41 | D14: No | E14: No | F14: No | G14: No major surgery | H14: yes | I14: =CLEAN(A14) -> Id13 | J14: =CLEAN(B14) -> 40.92 | K14: =CLEAN(C14) -> 8.41 | L14: =CLEAN(D14) -> No | M14: =CLEAN(E14) -> No | N14: =CLEAN(F14) -> No | O14: =CLEAN(G14) -> No major surgery | P14: =CLEAN(H14) -> yes | Q14: =SUBSTITUTE(O14,"No major surgery",0) -> 0 | R14: =PROPER(L14) -> No | S14: =PROPER(P14) -> Yes | T14: =SUBSTITUTE(S14,"?","No") -> Yes | U14: {=_xlfn.IFS(B14<18.5,"Underweight",B14<=24.9,"Normal weight",B14<=29.99,"Over weight",B14>=30,"Obesity")} -> Obesity | V14: {=_xlfn.IFS(C14<5.7,"Normal",C14<=6.49,"Prediabetes",C14>=6.5,"Diabetes")} -> Diabetes | W14: =PROPER(E14) -> No
A15: Id14 | B15: 40.565 | C15: 7.02 | D15: No | E15: No | F15: No | G15: No major surgery | H15: yes | I15: =CLEAN(A15) -> Id14 | J15: =CLEAN(B15) -> 40.565 | K15: =CLEAN(C15) -> 7.02 | L15: =CLEAN(D15) -> No | M15: =CLEAN(E15) -> No | N15: =CLEAN(F15) -> No | O15: =CLEAN(G15) -> No major surgery | P15: =CLEAN(H15) -> yes | Q15: =SUBSTITUTE(O15,"No major surgery",0) -> 0 | R15: =PROPER(L15) -> No | S15: =PROPER(P15) -> Yes | T15: =SUBSTITUTE(S15,"?","No") -> Yes | U15: {=_xlfn.IFS(B15<18.5,"Underweight",B15<=24.9,"Normal weight",B15<=29.99,"Over weight",B15>=30,"Obesity")} -> Obesity | V15: {=_xlfn.IFS(C15<5.7,"Normal",C15<=6.49,"Prediabetes",C15>=6.5,"Diabetes")} -> Diabetes | W15: =PROPER(E15) -> No
A16: Id15 | B16: 36.385 | C16: 7.59 | D16: yes | E16: No | F16: No | G16: 2 | H16: yes | I16: =CLEAN(A16) -> Id15 | J16: =CLEAN(B16) -> 36.385 | K16: =CLEAN(C16) -> 7.59 | L16: =CLEAN(D16) -> yes | M16: =CLEAN(E16) -> No | N16: =CLEAN(F16) -> No | O16: =CLEAN(G16) -> 2 | P16: =CLEAN(H16) -> yes | Q16: =SUBSTITUTE(O16,"No major surgery",0) -> 2 | R16: =PROPER(L16) -> Yes | S16: =PROPER(P16) -> Yes | T16: =SUBSTITUTE(S16,"?","No") -> Yes | U16: {=_xlfn.IFS(B16<18.5,"Underweight",B16<=24.9,"Normal weight",B16<=29.99,"Over weight",B16>=30,"Obesity")} -> Obesity | V16: {=_xlfn.IFS(C16<5.7,"Normal",C16<=6.49,"Prediabetes",C16>=6.5,"Diabetes")} -> Diabetes | W16: =PROPER(E16) -> No
A17: Id16 | B17: 39.9 | C17: 11.32 | D17: No | E17: No | F17: No | G17: No major surgery | H17: yes | I17: =CLEAN(A17) -> Id16 | J17: =CLEAN(B17) -> 39.9 | K17: =CLEAN(C17) -> 11.32 | L17: =CLEAN(D17) -> No | M17: =CLEAN(E17) -> No | N17: =CLEAN(F17) -> No | O17: =CLEAN(G17) -> No major surgery | P17: =CLEAN(H17) -> yes | Q17: =SUBSTITUTE(O17,"No major surgery",0) -> 0 | R17: =PROPER(L17) -> No | S17: =PROPER(P17) -> Yes | T17: =SUBSTITUTE(S17,"?","No") -> Yes | U17: {=_xlfn.IFS(B17<18.5,"Underweight",B17<=24.9,"Normal weight",B17<=29.99,"Over weight",B17>=30,"Obesity")} -> Obesity | V17: {=_xlfn.IFS(C17<5.7,"Normal",C17<=6.49,"Prediabetes",C17>=6.5,"Diabetes")} -> Diabetes | W17: =PROPER(E17) -> No
A18: Id17 | B18: 33.8 | C18: 7.67 | D18: No | E18: No | F18: No | G18: 3 | H18: yes | I18: =CLEAN(A18) -> Id17 | J18: =CLEAN(B18) -> 33.8 | K18: =CLEAN(C18) -> 7.67 | L18: =CLEAN(D18) -> No | M18: =CLEAN(E18) -> No | N18: =CLEAN(F18) -> No | O18: =CLEAN(G18) -> 3 | P18: =CLEAN(H18) -> yes | Q18: =SUBSTITUTE(O18,"No major surgery",0) -> 3 | R18: =PROPER(L18) -> No | S18: =PROPER(P18) -> Yes | T18: =SUBSTITUTE(S18,"?","No") -> Yes | U18: {=_xlfn.IFS(B18<18.5,"Underweight",B18<=24.9,"Normal weight",B18<=29.99,"Over weight",B18>=30,"Obesity")} -> Obesity | V18: {=_xlfn.IFS(C18<5.7,"Normal",C18<=6.49,"Prediabetes",C18>=6.5,"Diabetes")} -> Diabetes | W18: =PROPER(E18) -> No
A19: Id18 | B19: 36.765 | C19: 7.29 | D19: yes | E19: No | F19: Yes | G19: 1 | H19: yes | I19: =CLEAN(A19) -> Id18 | J19: =CLEAN(B19) -> 36.765 | K19: =CLEAN(C19) -> 7.29 | L19: =CLEAN(D19) -> yes | M19: =CLEAN(E19) -> No | N19: =CLEAN(F19) -> Yes | O19: =CLEAN(G19) -> 1 | P19: =CLEAN(H19) -> yes | Q19: =SUBSTITUTE(O19,"No major surgery",0) -> 1 | R19: =PROPER(L19) -> Yes | S19: =PROPER(P19) -> Yes | T19: =SUBSTITUTE(S19,"?","No") -> Yes | U19: {=_xlfn.IFS(B19<18.5,"Underweight",B19<=24.9,"Normal weight",B19<=29.99,"Over weight",B19>=30,"Obesity")} -> Obesity | V19: {=_xlfn.IFS(C19<5.7,"Normal",C19<=6.49,"Prediabetes",C19>=6.5,"Diabetes")} -> Diabetes | W19: =PROPER(E19) -> No
A20: Id19 | B20: 36.955 | C20: 4.72 | D20: yes | E20: No | F20: No | G20: 1 | H20: yes | I20: =CLEAN(A20) -> Id19 | J20: =CLEAN(B20) -> 36.955 | K20: =CLEAN(C20) -> 4.72 | L20: =CLEAN(D20) -> yes | M20: =CLEAN(E20) -> No | N20: =CLEAN(F20) -> No | O20: =CLEAN(G20) -> 1 | P20: =CLEAN(H20) -> yes | Q20: =SUBSTITUTE(O20,"No major surgery",0) -> 1 | R20: =PROPER(L20) -> Yes | S20: =PROPER(P20) -> Yes | T20: =SUBSTITUTE(S20,"?","No") -> Yes | U20: {=_xlfn.IFS(B20<18.5,"Underweight",B20<=24.9,"Normal weight",B20<=29.99,"Over weight",B20>=30,"Obesity")} -> Obesity | V20: {=_xlfn.IFS(C20<5.7,"Normal",C20<=6.49,"Prediabetes",C20>=6.5,"Diabetes")} -> Normal | W20: =PROPER(E20) -> No
A21: Id20 | B21: 42.9 | C21: 11.41 | D21: No | E21: No | F21: No | G21: No major surgery | H21: yes | I21: =CLEAN(A21) -> Id20 | J21: =CLEAN(B21) -> 42.9 | K21: =CLEAN(C21) -> 11.41 | L21: =CLEAN(D21) -> No | M21: =CLEAN(E21) -> No | N21: =CLEAN(F21) -> No | O21: =CLEAN(G21) -> No major surgery | P21: =CLEAN(H21) -> yes | Q21: =SUBSTITUTE(O21,"No major surgery",0) -> 0 | R21: =PROPER(L21) -> No | S21: =PROPER(P21) -> Yes | T21: =SUBSTITUTE(S21,"?","No") -> Yes | U21: {=_xlfn.IFS(B21<18.5,"Underweight",B21<=24.9,"Normal weight",B21<=29.99,"Over weight",B21>=30,"Obesity")} -> Obesity | V21: {=_xlfn.IFS(C21<5.7,"Normal",C21<=6.49,"Prediabetes",C21>=6.5,"Diabetes")} -> Diabetes | W21: =PROPER(E21) -> No
A22: Id21 | B22: 36.3 | C22: 11.5 | D22: yes | E22: No | F22: No | G22: 2 | H22: yes | I22: =CLEAN(A22) -> Id21 | J22: =CLEAN(B22) -> 36.3 | K22: =CLEAN(C22) -> 11.5 | L22: =CLEAN(D22) -> yes | M22: =CLEAN(E22) -> No | N22: =CLEAN(F22) -> No | O22: =CLEAN(G22) -> 2 | P22: =CLEAN(H22) -> yes | Q22: =SUBSTITUTE(O22,"No major surgery",0) -> 2 | R22: =PROPER(L22) -> Yes | S22: =PROPER(P22) -> Yes | T22: =SUBSTITUTE(S22,"?","No") -> Yes | U22: {=_xlfn.IFS(B22<18.5,"Underweight",B22<=24.9,"Normal weight",B22<=29.99,"Over weight",B22>=30,"Obesity")} -> Obesity | V22: {=_xlfn.IFS(C22<5.7,"Normal",C22<=6.49,"Prediabetes",C22>=6.5,"Diabetes")} -> Diabetes | W22: =PROPER(E22) -> No
A23: Id22 | B23: 32.2 | C23: 6.22 | D23: yes | E23: No | F23: No | G23: 2 | H23: yes | I23: =CLEAN(A23) -> Id22 | J23: =CLEAN(B23) -> 32.2 | K23: =CLEAN(C23) -> 6.22 | L23: =CLEAN(D23) -> yes | M23: =CLEAN(E23) -> No | N23: =CLEAN(F23) -> No | O23: =CLEAN(G23) -> 2 | P23: =CLEAN(H23) -> yes | Q23: =SUBSTITUTE(O23,"No major surgery",0) -> 2 | R23: =PROPER(L23) -> Yes | S23: =PROPER(P23) -> Yes | T23: =SUBSTITUTE(S23,"?","No") -> Yes | U23: {=_xlfn.IFS(B23<18.5,"Underweight",B23<=24.9,"Normal weight",B23<=29.99,"Over weight",B23>=30,"Obesity")} -> Obesity | V23: {=_xlfn.IFS(C23<5.7,"Normal",C23<=6.49,"Prediabetes",C23>=6.5,"Diabetes")} -> Prediabetes | W23: =PROPER(E23) -> No
A24: Id23 | B24: 31.3 | C24: 11.38 | D24: No | E24: No | F24: No | G24: 3 | H24: yes | I24: =CLEAN(A24) -> Id23 | J24: =CLEAN(B24) -> 31.3 | K24: =CLEAN(C24) -> 11.38 | L24: =CLEAN(D24) -> No | M24: =CLEAN(E24) -> No | N24: =CLEAN(F24) -> No | O24: =CLEAN(G24) -> 3 | P24: =CLEAN(H24) -> yes | Q24: =SUBSTITUTE(O24,"No major surgery",0) -> 3 | R24: =PROPER(L24) -> No | S24: =PROPER(P24) -> Yes | T24: =SUBSTITUTE(S24,"?","No") -> Yes | U24: {=_xlfn.IFS(B24<18.5,"Underweight",B24<=24.9,"Normal weight",B24<=29.99,"Over weight",B24>=30,"Obesity")} -> Obesity | V24: {=_xlfn.IFS(C24<5.7,"Normal",C24<=6.49,"Prediabetes",C24>=6.5,"Diabetes")} -> Diabetes | W24: =PROPER(E24) -> No
A25: Id24 | B25: 41.8 | C25: 7.89 | D25: yes | E25: No | F25: No | G25: 2 | H25: yes | I25: =CLEAN(A25) -> Id24 | J25: =CLEAN(B25) -> 41.8 | K25: =CLEAN(C25) -> 7.89 | L25: =CLEAN(D25) -> yes | M25: =CLEAN(E25) -> No | N25: =CLEAN(F25) -> No | O25: =CLEAN(G25) -> 2 | P25: =CLEAN(H25) -> yes | Q25: =SUBSTITUTE(O25,"No major surgery",0) -> 2 | R25: =PROPER(L25) -> Yes | S25: =PROPER(P25) -> Yes | T25: =SUBSTITUTE(S25,"?","No") -> Yes | U25: {=_xlfn.IFS(B25<18.5,"Underweight",B25<=24.9,"Normal weight",B25<=29.99,"Over weight",B25>=30,"Obesity")} -> Obesity | V25: {=_xlfn.IFS(C25<5.7,"Normal",C25<=6.49,"Prediabetes",C25>=6.5,"Diabetes")} -> Diabetes | W25: =PROPER(E25) -> No
A26: Id25 | B26: 35.09 | C26: 4.38 | D26: yes | E26: No | F26: No | G26: 2 | H26: yes | I26: =CLEAN(A26) -> Id25 | J26: =CLEAN(B26) -> 35.09 | K26: =CLEAN(C26) -> 4.38 | L26: =CLEAN(D26) -> yes | M26: =CLEAN(E26) -> No | N26: =CLEAN(F26) -> No | O26: =CLEAN(G26) -> 2 | P26: =CLEAN(H26) -> yes | Q26: =SUBSTITUTE(O26,"No major surgery",0) -> 2 | R26: =PROPER(L26) -> Yes | S26: =PROPER(P26) -> Yes | T26: =SUBSTITUTE(S26,"?","No") -> Yes | U26: {=_xlfn.IFS(B26<18.5,"Underweight",B26<=24.9,"Normal weight",B26<=29.99,"Over weight",B26>=30,"Obesity")} -> Obesity | V26: {=_xlfn.IFS(C26<5.7,"Normal",C26<=6.49,"Prediabetes",C26>=6.5,"Diabetes")} -> Normal | W26: =PROPER(E26) -> No
A27: Id26 | B27: 33.88 | C27: 7.01 | D27: No | E27: No | F27: No | G27: 3 | H27: yes | I27: =CLEAN(A27) -> Id26 | J27: =CLEAN(B27) -> 33.88 | K27: =CLEAN(C27) -> 7.01 | L27: =CLEAN(D27) -> No | M27: =CLEAN(E27) -> No | N27: =CLEAN(F27) -> No | O27: =CLEAN(G27) -> 3 | P27: =CLEAN(H27) -> yes | Q27: =SUBSTITUTE(O27,"No major surgery",0) -> 3 | R27: =PROPER(L27) -> No | S27: =PROPER(P27) -> Yes | T27: =SUBSTITUTE(S27,"?","No") -> Yes | U27: {=_xlfn.IFS(B27<18.5,"Underweight",B27<=24.9,"Normal weight",B27<=29.99,"Over weight",B27>=30,"Obesity")} -> Obesity | V27: {=_xlfn.IFS(C27<5.7,"Normal",C27<=6.49,"Prediabetes",C27>=6.5,"Diabetes")} -> Diabetes | W27: =PROPER(E27) -> No
A28: Id27 | B28: 30.875 | C28: 11.88 | D28: No | E28: No | F28: No | G28: No major surgery | H28: yes | I28: =CLEAN(A28) -> Id27 | J28: =CLEAN(B28) -> 30.875 | K28: =CLEAN(C28) -> 11.88 | L28: =CLEAN(D28) -> No | M28: =CLEAN(E28) -> No | N28: =CLEAN(F28) -> No | O28: =CLEAN(G28) -> No major surgery | P28: =CLEAN(H28) -> yes | Q28: =SUBSTITUTE(O28,"No major surgery",0) -> 0 | R28: =PROPER(L28) -> No | S28: =PROPER(P28) -> Yes | T28: =SUBSTITUTE(S28,"?","No") -> Yes | U28: {=_xlfn.IFS(B28<18.5,"Underweight",B28<=24.9,"Normal weight",B28<=29.99,"Over weight",B28>=30,"Obesity")} -> Obesity | V28: {=_xlfn.IFS(C28<5.7,"Normal",C28<=6.49,"Prediabetes",C28>=6.5,"Diabetes")} -> Diabetes | W28: =PROPER(E28) -> No
A29: Id28 | B29: 36.86 | C29: 5.19 | D29: yes | E29: No | F29: Yes | G29: 1 | H29: yes | I29: =CLEAN(A29) -> Id28 | J29: =CLEAN(B29) -> 36.86 | K29: =CLEAN(C29) -> 5.19 | L29: =CLEAN(D29) -> yes | M29: =CLEAN(E29) -> No | N29: =CLEAN(F29) -> Yes | O29: =CLEAN(G29) -> 1 | P29: =CLEAN(H29) -> yes | Q29: =SUBSTITUTE(O29,"No major surgery",0) -> 1 | R29: =PROPER(L29) -> Yes | S29: =PROPER(P29) -> Yes | T29: =SUBSTITUTE(S29,"?","No") -> Yes | U29: {=_xlfn.IFS(B29<18.5,"Underweight",B29<=24.9,"Normal weight",B29<=29.99,"Over weight",B29>=30,"Obesity")} -> Obesity | V29: {=_xlfn.IFS(C29<5.7,"Normal",C29<=6.49,"Prediabetes",C29>=6.5,"Diabetes")} -> Normal | W29: =PROPER(E29) -> No
A30: Id29 | B30: 35.86 | C30: 6.74 | D30: yes | E30: No | F30: No | G30: 2 | H30: yes | I30: =CLEAN(A30) -> Id29 | J30: =CLEAN(B30) -> 35.86 | K30: =CLEAN(C30) -> 6.74 | L30: =CLEAN(D30) -> yes | M30: =CLEAN(E30) -> No | N30: =CLEAN(F30) -> No | O30: =CLEAN(G30) -> 2 | P30: =CLEAN(H30) -> yes | Q30: =SUBSTITUTE(O30,"No major surgery",0) -> 2 | R30: =PROPER(L30) -> Yes | S30: =PROPER(P30) -> Yes | T30: =SUBSTITUTE(S30,"?","No") -> Yes | U30: {=_xlfn.IFS(B30<18.5,"Underweight",B30<=24.9,"Normal weight",B30<=29.99,"Over weight",B30>=30,"Obesity")} -> Obesity | V30: {=_xlfn.IFS(C30<5.7,"Normal",C30<=6.49,"Prediabetes",C30>=6.5,"Diabetes")} -> Diabetes | W30: =PROPER(E30) -> No
A31: Id30 | B31: 37.05 | C31: 8.44 | D31: No | E31: No | F31: No | G31: No major surgery | H31: yes | I31: =CLEAN(A31) -> Id30 | J31: =CLEAN(B31) -> 37.05 | K31: =CLEAN(C31) -> 8.44 | L31: =CLEAN(D31) -> No | M31: =CLEAN(E31) -> No | N31: =CLEAN(F31) -> No | O31: =CLEAN(G31) -> No major surgery | P31: =CLEAN(H31) -> yes | Q31: =SUBSTITUTE(O31,"No major surgery",0) -> 0 | R31: =PROPER(L31) -> No | S31: =PROPER(P31) -> Yes | T31: =SUBSTITUTE(S31,"?","No") -> Yes | U31: {=_xlfn.IFS(B31<18.5,"Underweight",B31<=24.9,"Normal weight",B31<=29.99,"Over weight",B31>=30,"Obesity")} -> Obesity | V31: {=_xlfn.IFS(C31<5.7,"Normal",C31<=6.49,"Prediabetes",C31>=6.5,"Diabetes")} -> Diabetes | W31: =PROPER(E31) -> No
A32: Id31 | B32: 43.89 | C32: 8.71 | D32: No | E32: No | F32: No | G32: No major surgery | H32: yes | I32: =CLEAN(A32) -> Id31 | J32: =CLEAN(B32) -> 43.89 | K32: =CLEAN(C32) -> 8.71 | L32: =CLEAN(D32) -> No | M32: =CLEAN(E32) -> No | N32: =CLEAN(F32) -> No | O32: =CLEAN(G32) -> No major surgery | P32: =CLEAN(H32) -> yes | Q32: =SUBSTITUTE(O32,"No major surgery",0) -> 0 | R32: =PROPER(L32) -> No | S32: =PROPER(P32) -> Yes | T32: =SUBSTITUTE(S32,"?","No") -> Yes | U32: {=_xlfn.IFS(B32<18.5,"Underweight",B32<=24.9,"Normal weight",B32<=29.99,"Over weight",B32>=30,"Obesity")} -> Obesity | V32: {=_xlfn.IFS(C32<5.7,"Normal",C32<=6.49,"Prediabetes",C32>=6.5,"Diabetes")} -> Diabetes | W32: =PROPER(E32) -> No
A33: Id32 | B33: 42.35 | C33: 5.08 | D33: yes | E33: No | F33: No | G33: No major surgery | H33: yes | I33: =CLEAN(A33) -> Id32 | J33: =CLEAN(B33) -> 42.35 | K33: =CLEAN(C33) -> 5.08 | L33: =CLEAN(D33) -> yes | M33: =CLEAN(E33) -> No | N33: =CLEAN(F33) -> No | O33: =CLEAN(G33) -> No major surgery | P33: =CLEAN(H33) -> yes | Q33: =SUBSTITUTE(O33,"No major surgery",0) -> 0 | R33: =PROPER(L33) -> Yes | S33: =PROPER(P33) -> Yes | T33: =SUBSTITUTE(S33,"?","No") -> Yes | U33: {=_xlfn.IFS(B33<18.5,"Underweight",B33<=24.9,"Normal weight",B33<=29.99,"Over weight",B33>=30,"Obesity")} -> Obesity | V33: {=_xlfn.IFS(C33<5.7,"Normal",C33<=6.49,"Prediabetes",C33>=6.5,"Diabetes")} -> Normal | W33: =PROPER(E33) -> No
A34: Id33 | B34: 31.35 | C34: 6.86 | D34: No | E34: No | F34: No | G34: No major surgery | H34: yes | I34: =CLEAN(A34) -> Id33 | J34: =CLEAN(B34) -> 31.35 | K34: =CLEAN(C34) -> 6.86 | L34: =CLEAN(D34) -> No | M34: =CLEAN(E34) -> No | N34: =CLEAN(F34) -> No | O34: =CLEAN(G34) -> No major surgery | P34: =CLEAN(H34) -> yes | Q34: =SUBSTITUTE(O34,"No major surgery",0) -> 0 | R34: =PROPER(L34) -> No | S34: =PROPER(P34) -> Yes | T34: =SUBSTITUTE(S34,"?","No") -> Yes | U34: {=_xlfn.IFS(B34<18.5,"Underweight",B34<=24.9,"Normal weight",B34<=29.99,"Over weight",B34>=30,"Obesity")} -> Obesity | V34: {=_xlfn.IFS(C34<5.7,"Normal",C34<=6.49,"Prediabetes",C34>=6.5,"Diabetes")} -> Diabetes | W34: =PROPER(E34) -> No
A35: Id34 | B35: 47.6 | C35: 5.95 | D35: yes | E35: No | F35: No | G35: No major surgery | H35: yes | I35: =CLEAN(A35) -> Id34 | J35: =CLEAN(B35) -> 47.6 | K35: =CLEAN(C35) -> 5.95 | L35: =CLEAN(D35) -> yes | M35: =CLEAN(E35) -> No | N35: =CLEAN(F35) -> No | O35: =CLEAN(G35) -> No major surgery | P35: =CLEAN(H35) -> yes | Q35: =SUBSTITUTE(O35,"No major surgery",0) -> 0 | R35: =PROPER(L35) -> Yes | S35: =PROPER(P35) -> Yes | T35: =SUBSTITUTE(S35,"?","No") -> Yes | U35: {=_xlfn.IFS(B35<18.5,"Underweight",B35<=24.9,"Normal weight",B35<=29.99,"Over weight",B35>=30,"Obesity")} -> Obesity | V35: {=_xlfn.IFS(C35<5.7,"Normal",C35<=6.49,"Prediabetes",C35>=6.5,"Diabetes")} -> Prediabetes | W35: =PROPER(E35) -> No
A36: Id35 | B36: 46.2 | C36: 6.09 | D36: No | E36: No | F36: Yes | G36: 1 | H36: yes | I36: =CLEAN(A36) -> Id35 | J36: =CLEAN(B36) -> 46.2 | K36: =CLEAN(C36) -> 6.09 | L36: =CLEAN(D36) -> No | M36: =CLEAN(E36) -> No | N36: =CLEAN(F36) -> Yes | O36: =CLEAN(G36) -> 1 | P36: =CLEAN(H36) -> yes | Q36: =SUBSTITUTE(O36,"No major surgery",0) -> 1 | R36: =PROPER(L36) -> No | S36: =PROPER(P36) -> Yes | T36: =SUBSTITUTE(S36,"?","No") -> Yes | U36: {=_xlfn.IFS(B36<18.5,"Underweight",B36<=24.9,"Normal weight",B36<=29.99,"Over weight",B36>=30,"Obesity")} -> Obesity | V36: {=_xlfn.IFS(C36<5.7,"Normal",C36<=6.49,"Prediabetes",C36>=6.5,"Diabetes")} -> Prediabetes | W36: =PROPER(E36) -> No
A37: Id36 | B37: 32.015 | C37: 11.75 | D37: No | E37: No | F37: No | G37: No major surgery | H37: yes | I37: =CLEAN(A37) -> Id36 | J37: =CLEAN(B37) -> 32.015 | K37: =CLEAN(C37) -> 11.75 | L37: =CLEAN(D37) -> No | M37: =CLEAN(E37) -> No | N37: =CLEAN(F37) -> No | O37: =CLEAN(G37) -> No major surgery | P37: =CLEAN(H37) -> yes | Q37: =SUBSTITUTE(O37,"No major surgery",0) -> 0 | R37: =PROPER(L37) -> No | S37: =PROPER(P37) -> Yes | T37: =SUBSTITUTE(S37,"?","No") -> Yes | U37: {=_xlfn.IFS(B37<18.5,"Underweight",B37<=24.9,"Normal weight",B37<=29.99,"Over weight",B37>=30,"Obesity")} -> Obesity | V37: {=_xlfn.IFS(C37<5.7,"Normal",C37<=6.49,"Prediabetes",C37>=6.5,"Diabetes")} -> Diabetes | W37: =PROPER(E37) -> No
A38: Id37 | B38: 40.565 | C38: 7.37 | D38: No | E38: No | F38: No | G38: No major surgery | H38: yes | I38: =CLEAN(A38) -> Id37 | J38: =CLEAN(B38) -> 40.565 | K38: =CLEAN(C38) -> 7.37 | L38: =CLEAN(D38) -> No | M38: =CLEAN(E38) -> No | N38: =CLEAN(F38) -> No | O38: =CLEAN(G38) -> No major surgery | P38: =CLEAN(H38) -> yes | Q38: =SUBSTITUTE(O38,"No major surgery",0) -> 0 | R38: =PROPER(L38) -> No | S38: =PROPER(P38) -> Yes | T38: =SUBSTITUTE(S38,"?","No") -> Yes | U38: {=_xlfn.IFS(B38<18.5,"Underweight",B38<=24.9,"Normal weight",B38<=29.99,"Over weight",B38>=30,"Obesity")} -> Obesity | V38: {=_xlfn.IFS(C38<5.7,"Normal",C38<=6.49,"Prediabetes",C38>=6.5,"Diabetes")} -> Diabetes | W38: =PROPER(E38) -> No
A39: Id38 | B39: 32.45 | C39: 11.91 | D39: No | E39: No | F39: No | G39: No major surgery | H39: yes | I39: =CLEAN(A39) -> Id38 | J39: =CLEAN(B39) -> 32.45 | K39: =CLEAN(C39) -> 11.91 | L39: =CLEAN(D39) -> No | M39: =CLEAN(E39) -> No | N39: =CLEAN(F39) -> No | O39: =CLEAN(G39) -> No major surgery | P39: =CLEAN(H39) -> yes | Q39: =SUBSTITUTE(O39,"No major surgery",0) -> 0 | R39: =PROPER(L39) -> No | S39: =PROPER(P39) -> Yes | T39: =SUBSTITUTE(S39,"?","No") -> Yes | U39: {=_xlfn.IFS(B39<18.5,"Underweight",B39<=24.9,"Normal weight",B39<=29.99,"Over weight",B39>=30,"Obesity")} -> Obesity | V39: {=_xlfn.IFS(C39<5.7,"Normal",C39<=6.49,"Prediabetes",C39>=6.5,"Diabetes")} -> Diabetes | W39: =PROPER(E39) -> No
A40: Id39 | B40: 34.96 | C40: 6.52 | D40: No | E40: No | F40: No | G40: No major surgery | H40: yes | I40: =CLEAN(A40) -> Id39 | J40: =CLEAN(B40) -> 34.96 | K40: =CLEAN(C40) -> 6.52 | L40: =CLEAN(D40) -> No | M40: =CLEAN(E40) -> No | N40: =CLEAN(F40) -> No | O40: =CLEAN(G40) -> No major surgery | P40: =CLEAN(H40) -> yes | Q40: =SUBSTITUTE(O40,"No major surgery",0) -> 0 | R40: =PROPER(L40) -> No | S40: =PROPER(P40) -> Yes | T40: =SUBSTITUTE(S40,"?","No") -> Yes | U40: {=_xlfn.IFS(B40<18.5,"Underweight",B40<=24.9,"Normal weight",B40<=29.99,"Over weight",B40>=30,"Obesity")} -> Obesity | V40: {=_xlfn.IFS(C40<5.7,"Normal",C40<=6.49,"Prediabetes",C40>=6.5,"Diabetes")} -> Diabetes | W40: =PROPER(E40) -> No
A41: Id40 | B41: 35.5 | C41: 5.14 | D41: No | E41: No | F41: Yes | G41: 1 | H41: yes | I41: =CLEAN(A41) -> Id40 | J41: =CLEAN(B41) -> 35.5 | K41: =CLEAN(C41) -> 5.14 | L41: =CLEAN(D41) -> No | M41: =CLEAN(E41) -> No | N41: =CLEAN(F41) -> Yes | O41: =CLEAN(G41) -> 1 | P41: =CLEAN(H41) -> yes | Q41: =SUBSTITUTE(O41,"No major surgery",0) -> 1 | R41: =PROPER(L41) -> No | S41: =PROPER(P41) -> Yes | T41: =SUBSTITUTE(S41,"?","No") -> Yes | U41: {=_xlfn.IFS(B41<18.5,"Underweight",B41<=24.9,"Normal weight",B41<=29.99,"Over weight",B41>=30,"Obesity")} -> Obesity | V41: {=_xlfn.IFS(C41<5.7,"Normal",C41<=6.49,"Prediabetes",C41>=6.5,"Diabetes")} -> Normal | W41: =PROPER(E41) -> No
A42: Id41 | B42: 52.58 | C42: 4.19 | D42: No | E42: yes | F42: No | G42: 1 | H42: yes | I42: =CLEAN(A42) -> Id41 | J42: =CLEAN(B42) -> 52.58 | K42: =CLEAN(C42) -> 4.19 | L42: =CLEAN(D42) -> No | M42: =CLEAN(E42) -> yes | N42: =CLEAN(F42) -> No | O42: =CLEAN(G42) -> 1 | P42: =CLEAN(H42) -> yes | Q42: =SUBSTITUTE(O42,"No major surgery",0) -> 1 | R42: =PROPER(L42) -> No | S42: =PROPER(P42) -> Yes | T42: =SUBSTITUTE(S42,"?","No") -> Yes | U42: {=_xlfn.IFS(B42<18.5,"Underweight",B42<=24.9,"Normal weight",B42<=29.99,"Over weight",B42>=30,"Obesity")} -> Obesity | V42: {=_xlfn.IFS(C42<5.7,"Normal",C42<=6.49,"Prediabetes",C42>=6.5,"Diabetes")} -> Normal | W42: =PROPER(E42) -> Yes
A43: Id42 | B43: 35.2 | C43: 11.68 | D43: yes | E43: No | F43: No | G43: No major surgery | H43: yes | I43: =CLEAN(A43) -> Id42 | J43: =CLEAN(B43) -> 35.2 | K43: =CLEAN(C43) -> 11.68 | L43: =CLEAN(D43) -> yes | M43: =CLEAN(E43) -> No | N43: =CLEAN(F43) -> No | O43: =CLEAN(G43) -> No major surgery | P43: =CLEAN(H43) -> yes | Q43: =SUBSTITUTE(O43,"No major surgery",0) -> 0 | R43: =PROPER(L43) -> Yes | S43: =PROPER(P43) -> Yes | T43: =SUBSTITUTE(S43,"?","No") -> Yes | U43: {=_xlfn.IFS(B43<18.5,"Underweight",B43<=24.9,"Normal weight",B43<=29.99,"Over weight",B43>=30,"Obesity")} -> Obesity | V43: {=_xlfn.IFS(C43<5.7,"Normal",C43<=6.49,"Prediabetes",C43>=6.5,"Diabetes")} -> Diabetes | W43: =PROPER(E43) -> No
A44: Id43 | B44: 38.06 | C44: 6.98 | D44: No | E44: No | F44: No | G44: No major surgery | H44: yes | I44: =CLEAN(A44) -> Id43 | J44: =CLEAN(B44) -> 38.06 | K44: =CLEAN(C44) -> 6.98 | L44: =CLEAN(D44) -> No | M44: =CLEAN(E44) -> No | N44: =CLEAN(F44) -> No | O44: =CLEAN(G44) -> No major surgery | P44: =CLEAN(H44) -> yes | Q44: =SUBSTITUTE(O44,"No major surgery",0) -> 0 | R44: =PROPER(L44) -> No | S44: =PROPER(P44) -> Yes | T44: =SUBSTITUTE(S44,"?","No") -> Yes | U44: {=_xlfn.IFS(B44<18.5,"Underweight",B44<=24.9,"Normal weight",B44<=29.99,"Over weight",B44>=30,"Obesity")} -> Obesity | V44: {=_xlfn.IFS(C44<5.7,"Normal",C44<=6.49,"Prediabetes",C44>=6.5,"Diabetes")} -> Diabetes | W44: =PROPER(E44) -> No
A45: Id44 | B45: 34.21 | C45: 8.34 | D45: No | E45: No | F45: No | G45: No major surgery | H45: yes | I45: =CLEAN(A45) -> Id44 | J45: =CLEAN(B45) -> 34.21 | K45: =CLEAN(C45) -> 8.34 | L45: =CLEAN(D45) -> No | M45: =CLEAN(E45) -> No | N45: =CLEAN(F45) -> No | O45: =CLEAN(G45) -> No major surgery | P45: =CLEAN(H45) -> yes | Q45: =SUBSTITUTE(O45,"No major surgery",0) -> 0 | R45: =PROPER(L45) -> No | S45: =PROPER(P45) -> Yes | T45: =SUBSTITUTE(S45,"?","No") -> Yes | U45: {=_xlfn.IFS(B45<18.5,"Underweight",B45<=24.9,"Normal weight",B45<=29.99,"Over weight",B45>=30,"Obesity")} -> Obesity | V45: {=_xlfn.IFS(C45<5.7,"Normal",C45<=6.49,"Prediabetes",C45>=6.5,"Diabetes")} -> Diabetes | W45: =PROPER(E45) -> No
A46: Id45 | B46: 38.94 | C46: 8.49 | D46: yes | E46: No | F46: No | G46: 1 | H46: yes | I46: =CLEAN(A46) -> Id45 | J46: =CLEAN(B46) -> 38.94 | K46: =CLEAN(C46) -> 8.49 | L46: =CLEAN(D46) -> yes | M46: =CLEAN(E46) -> No | N46: =CLEAN(F46) -> No | O46: =CLEAN(G46) -> 1 | P46: =CLEAN(H46) -> yes | Q46: =SUBSTITUTE(O46,"No major surgery",0) -> 1 | R46: =PROPER(L46) -> Yes | S46: =PROPER(P46) -> Yes | T46: =SUBSTITUTE(S46,"?","No") -> Yes | U46: {=_xlfn.IFS(B46<18.5,"Underweight",B46<=24.9,"Normal weight",B46<=29.99,"Over weight",B46>=30,"Obesity")} -> Obesity | V46: {=_xlfn.IFS(C46<5.7,"Normal",C46<=6.49,"Prediabetes",C46>=6.5,"Diabetes")} -> Diabetes | W46: =PROPER(E46) -> No
A47: Id46 | B47: 30.21 | C47: 5.34 | D47: yes | E47: No | F47: No | G47: 1 | H47: yes | I47: =CLEAN(A47) -> Id46 | J47: =CLEAN(B47) -> 30.21 | K47: =CLEAN(C47) -> 5.34 | L47: =CLEAN(D47) -> yes | M47: =CLEAN(E47) -> No | N47: =CLEAN(F47) -> No | O47: =CLEAN(G47) -> 1 | P47: =CLEAN(H47) -> yes | Q47: =SUBSTITUTE(O47,"No major surgery",0) -> 1 | R47: =PROPER(L47) -> Yes | S47: =PROPER(P47) -> Yes | T47: =SUBSTITUTE(S47,"?","No") -> Yes | U47: {=_xlfn.IFS(B47<18.5,"Underweight",B47<=24.9,"Normal weight",B47<=29.99,"Over weight",B47>=30,"Obesity")} -> Obesity | V47: {=_xlfn.IFS(C47<5.7,"Normal",C47<=6.49,"Prediabetes",C47>=6.5,"Diabetes")} -> Normal | W47: =PROPER(E47) -> No
A48: Id47 | B48: 33.63 | C48: 4.43 | D48: yes | E48: No | F48: No | G48: 2 | H48: yes | I48: =CLEAN(A48) -> Id47 | J48: =CLEAN(B48) -> 33.63 | K48: =CLEAN(C48) -> 4.43 | L48: =CLEAN(D48) -> yes | M48: =CLEAN(E48) -> No | N48: =CLEAN(F48) -> No | O48: =CLEAN(G48) -> 2 | P48: =CLEAN(H48) -> yes | Q48: =SUBSTITUTE(O48,"No major surgery",0) -> 2 | R48: =PROPER(L48) -> Yes | S48: =PROPER(P48) -> Yes | T48: =SUBSTITUTE(S48,"?","No") -> Yes | U48: {=_xlfn.IFS(B48<18.5,"Underweight",B48<=24.9,"Normal weight",B48<=29.99,"Over weight",B48>=30,"Obesity")} -> Obesity | V48: {=_xlfn.IFS(C48<5.7,"Normal",C48<=6.49,"Prediabetes",C48>=6.5,"Diabetes")} -> Normal | W48: =PROPER(E48) -> No
A49: Id48 | B49: 40.37 | C49: 4.47 | D49: No | E49: No | F49: No | G49: No major surgery | H49: yes | I49: =CLEAN(A49) -> Id48 | J49: =CLEAN(B49) -> 40.37 | K49: =CLEAN(C49) -> 4.47 | L49: =CLEAN(D49) -> No | M49: =CLEAN(E49) -> No | N49: =CLEAN(F49) -> No | O49: =CLEAN(G49) -> No major surgery | P49: =CLEAN(H49) -> yes | Q49: =SUBSTITUTE(O49,"No major surgery",0) -> 0 | R49: =PROPER(L49) -> No | S49: =PROPER(P49) -> Yes | T49: =SUBSTITUTE(S49,"?","No") -> Yes | U49: {=_xlfn.IFS(B49<18.5,"Underweight",B49<=24.9,"Normal weight",B49<=29.99,"Over weight",B49>=30,"Obesity")} -> Obesity | V49: {=_xlfn.IFS(C49<5.7,"Normal",C49<=6.49,"Prediabetes",C49>=6.5,"Diabetes")} -> Normal | W49: =PROPER(E49) -> No
A50: Id49 | B50: 53.09 | C50: 4.82 | D50: yes | E50: No | F50: No | G50: 2 | H50: yes | I50: =CLEAN(A50) -> Id49 | J50: =CLEAN(B50) -> 53.09 | K50: =CLEAN(C50) -> 4.82 | L50: =CLEAN(D50) -> yes | M50: =CLEAN(E50) -> No | N50: =CLEAN(F50) -> No | O50: =CLEAN(G50) -> 2 | P50: =CLEAN(H50) -> yes | Q50: =SUBSTITUTE(O50,"No major surgery",0) -> 2 | R50: =PROPER(L50) -> Yes | S50: =PROPER(P50) -> Yes | T50: =SUBSTITUTE(S50,"?","No") -> Yes | U50: {=_xlfn.IFS(B50<18.5,"Underweight",B50<=24.9,"Normal weight",B50<=29.99,"Over weight",B50>=30,"Obesity")} -> Obesity | V50: {=_xlfn.IFS(C50<5.7,"Normal",C50<=6.49,"Prediabetes",C50>=6.5,"Diabetes")} -> Normal | W50: =PROPER(E50) -> No
A51: Id50 | B51: 31.79 | C51: 5.51 | D51: yes | E51: No | F51: No | G51: 2 | H51: yes | I51: =CLEAN(A51) -> Id50 | J51: =CLEAN(B51) -> 31.79 | K51: =CLEAN(C51) -> 5.51 | L51: =CLEAN(D51) -> yes | M51: =CLEAN(E51) -> No | N51: =CLEAN(F51) -> No | O51: =CLEAN(G51) -> 2 | P51: =CLEAN(H51) -> yes | Q51: =SUBSTITUTE(O51,"No major surgery",0) -> 2 | R51: =PROPER(L51) -> Yes | S51: =PROPER(P51) -> Yes | T51: =SUBSTITUTE(S51,"?","No") -> Yes | U51: {=_xlfn.IFS(B51<18.5,"Underweight",B51<=24.9,"Normal weight",B51<=29.99,"Over weight",B51>=30,"Obesity")} -> Obesity | V51: {=_xlfn.IFS(C51<5.7,"Normal",C51<=6.49,"Prediabetes",C51>=6.5,"Diabetes")} -> Normal | W51: =PROPER(E51) -> No
A52: Id51 | B52: 41.895 | C52: 10.87 | D52: yes | E52: No | F52: No | G52: 1 | H52: yes | I52: =CLEAN(A52) -> Id51 | J52: =CLEAN(B52) -> 41.895 | K52: =CLEAN(C52) -> 10.87 | L52: =CLEAN(D52) -> yes | M52: =CLEAN(E52) -> No | N52: =CLEAN(F52) -> No | O52: =CLEAN(G52) -> 1 | P52: =CLEAN(H52) -> yes | Q52: =SUBSTITUTE(O52,"No major surgery",0) -> 1 | R52: =PROPER(L52) -> Yes | S52: =PROPER(P52) -> Yes | T52: =SUBSTITUTE(S52,"?","No") -> Yes | U52: {=_xlfn.IFS(B52<18.5,"Underweight",B52<=24.9,"Normal weight",B52<=29.99,"Over weight",B52>=30,"Obesity")} -> Obesity | V52: {=_xlfn.IFS(C52<5.7,"Normal",C52<=6.49,"Prediabetes",C52>=6.5,"Diabetes")} -> Diabetes | W52: =PROPER(E52) -> No
A53: Id52 | B53: 31.16 | C53: 9.34 | D53: No | E53: No | F53: No | G53: No major surgery | H53: yes | I53: =CLEAN(A53) -> Id52 | J53: =CLEAN(B53) -> 31.16 | K53: =CLEAN(C53) -> 9.34 | L53: =CLEAN(D53) -> No | M53: =CLEAN(E53) -> No | N53: =CLEAN(F53) -> No | O53: =CLEAN(G53) -> No major surgery | P53: =CLEAN(H53) -> yes | Q53: =SUBSTITUTE(O53,"No major surgery",0) -> 0 | R53: =PROPER(L53) -> No | S53: =PROPER(P53) -> Yes | T53: =SUBSTITUTE(S53,"?","No") -> Yes | U53: {=_xlfn.IFS(B53<18.5,"Underweight",B53<=24.9,"Normal weight",B53<=29.99,"Over weight",B53>=30,"Obesity")} -> Obesity | V53: {=_xlfn.IFS(C53<5.7,"Normal",C53<=6.49,"Prediabetes",C53>=6.5,"Diabetes")} -> Diabetes | W53: =PROPER(E53) -> No
A54: Id53 | B54: 34.105 | C54: 5.03 | D54: yes | E54: No | F54: Yes | G54: 1 | H54: yes | I54: =CLEAN(A54) -> Id53 | J54: =CLEAN(B54) -> 34.105 | K54: =CLEAN(C54) -> 5.03 | L54: =CLEAN(D54) -> yes | M54: =CLEAN(E54) -> No | N54: =CLEAN(F54) -> Yes | O54: =CLEAN(G54) -> 1 | P54: =CLEAN(H54) -> yes | Q54: =SUBSTITUTE(O54,"No major surgery",0) -> 1 | R54: =PROPER(L54) -> Yes | S54: =PROPER(P54) -> Yes | T54: =SUBSTITUTE(S54,"?","No") -> Yes | U54: {=_xlfn.IFS(B54<18.5,"Underweight",B54<=24.9,"Normal weight",B54<=29.99,"Over weight",B54>=30,"Obesity")} -> Obesity | V54: {=_xlfn.IFS(C54<5.7,"Normal",C54<=6.49,"Prediabetes",C54>=6.5,"Diabetes")} -> Normal | W54: =PROPER(E54) -> No
A55: Id54 | B55: 51.93 | C55: 11.05 | D55: No | E55: No | F55: No | G55: No major surgery | H55: yes | I55: =CLEAN(A55) -> Id54 | J55: =CLEAN(B55) -> 51.93 | K55: =CLEAN(C55) -> 11.05 | L55: =CLEAN(D55) -> No | M55: =CLEAN(E55) -> No | N55: =CLEAN(F55) -> No | O55: =CLEAN(G55) -> No major surgery | P55: =CLEAN(H55) -> yes | Q55: =SUBSTITUTE(O55,"No major surgery",0) -> 0 | R55: =PROPER(L55) -> No | S55: =PROPER(P55) -> Yes | T55: =SUBSTITUTE(S55,"?","No") -> Yes | U55: {=_xlfn.IFS(B55<18.5,"Underweight",B55<=24.9,"Normal weight",B55<=29.99,"Over weight",B55>=30,"Obesity")} -> Obesity | V55: {=_xlfn.IFS(C55<5.7,"Normal",C55<=6.49,"Prediabetes",C55>=6.5,"Diabetes")} -> Diabetes | W55: =PROPER(E55) -> No
A56: Id55 | B56: 38.95 | C56: 11.95 | D56: No | E56: No | F56: No | G56: No major surgery | H56: yes | I56: =CLEAN(A56) -> Id55 | J56: =CLEAN(B56) -> 38.95 | K56: =CLEAN(C56) -> 11.95 | L56: =CLEAN(D56) -> No | M56: =CLEAN(E56) -> No | N56: =CLEAN(F56) -> No | O56: =CLEAN(G56) -> No major surgery | P56: =CLEAN(H56) -> yes | Q56: =SUBSTITUTE(O56,"No major surgery",0) -> 0 | R56: =PROPER(L56) -> No | S56: =PROPER(P56) -> Yes | T56: =SUBSTITUTE(S56,"?","No") -> Yes | U56: {=_xlfn.IFS(B56<18.5,"Underweight",B56<=24.9,"Normal weight",B56<=29.99,"Over weight",B56>=30,"Obesity")} -> Obesity | V56: {=_xlfn.IFS(C56<5.7,"Normal",C56<=6.49,"Prediabetes",C56>=6.5,"Diabetes")} -> Diabetes | W56: =PROPER(E56) -> No
A57: Id56 | B57: 36.63 | C57: 7.72 | D57: yes | E57: No | F57: No | G57: 1 | H57: yes | I57: =CLEAN(A57) -> Id56 | J57: =CLEAN(B57) -> 36.63 | K57: =CLEAN(C57) -> 7.72 | L57: =CLEAN(D57) -> yes | M57: =CLEAN(E57) -> No | N57: =CLEAN(F57) -> No | O57: =CLEAN(G57) -> 1 | P57: =CLEAN(H57) -> yes | Q57: =SUBSTITUTE(O57,"No major surgery",0) -> 1 | R57: =PROPER(L57) -> Yes | S57: =PROPER(P57) -> Yes | T57: =SUBSTITUTE(S57,"?","No") -> Yes | U57: {=_xlfn.IFS(B57<18.5,"Underweight",B57<=24.9,"Normal weight",B57<=29.99,"Over weight",B57>=30,"Obesity")} -> Obesity | V57: {=_xlfn.IFS(C57<5.7,"Normal",C57<=6.49,"Prediabetes",C57>=6.5,"Diabetes")} -> Diabetes | W57: =PROPER(E57) -> No
A58: Id57 | B58: 34.2 | C58: 5.75 | D58: No | E58: No | F58: No | G58: 2 | H58: yes | I58: =CLEAN(A58) -> Id57 | J58: =CLEAN(B58) -> 34.2 | K58: =CLEAN(C58) -> 5.75 | L58: =CLEAN(D58) -> No | M58: =CLEAN(E58) -> No | N58: =CLEAN(F58) -> No | O58: =CLEAN(G58) -> 2 | P58: =CLEAN(H58) -> yes | Q58: =SUBSTITUTE(O58,"No major surgery",0) -> 2 | R58: =PROPER(L58) -> No | S58: =PROPER(P58) -> Yes | T58: =SUBSTITUTE(S58,"?","No") -> Yes | U58: {=_xlfn.IFS(B58<18.5,"Underweight",B58<=24.9,"Normal weight",B58<=29.99,"Over weight",B58>=30,"Obesity")} -> Obesity | V58: {=_xlfn.IFS(C58<5.7,"Normal",C58<=6.49,"Prediabetes",C58>=6.5,"Diabetes")} -> Prediabetes | W58: =PROPER(E58) -> No
A59: Id58 | B59: 50.63 | C59: 11.89 | D59: No | E59: No | F59: No | G59: No major surgery | H59: yes | I59: =CLEAN(A59) -> Id58 | J59: =CLEAN(B59) -> 50.63 | K59: =CLEAN(C59) -> 11.89 | L59: =CLEAN(D59) -> No | M59: =CLEAN(E59) -> No | N59: =CLEAN(F59) -> No | O59: =CLEAN(G59) -> No major surgery | P59: =CLEAN(H59) -> yes | Q59: =SUBSTITUTE(O59,"No major surgery",0) -> 0 | R59: =PROPER(L59) -> No | S59: =PROPER(P59) -> Yes | T59: =SUBSTITUTE(S59,"?","No") -> Yes | U59: {=_xlfn.IFS(B59<18.5,"Underweight",B59<=24.9,"Normal weight",B59<=29.99,"Over weight",B59>=30,"Obesity")} -> Obesity | V59: {=_xlfn.IFS(C59<5.7,"Normal",C59<=6.49,"Prediabetes",C59>=6.5,"Diabetes")} -> Diabetes | W59: =PROPER(E59) -> No
A60: Id59 | B60: 36.48 | C60: 6.2 | D60: No | E60: No | F60: No | G60: No major surgery | H60: yes | I60: =CLEAN(A60) -> Id59 | J60: =CLEAN(B60) -> 36.48 | K60: =CLEAN(C60) -> 6.2 | L60: =CLEAN(D60) -> No | M60: =CLEAN(E60) -> No | N60: =CLEAN(F60) -> No | O60: =CLEAN(G60) -> No major surgery | P60: =CLEAN(H60) -> yes | Q60: =SUBSTITUTE(O60,"No major surgery",0) -> 0 | R60: =PROPER(L60) -> No | S60: =PROPER(P60) -> Yes | T60: =SUBSTITUTE(S60,"?","No") -> Yes | U60: {=_xlfn.IFS(B60<18.5,"Underweight",B60<=24.9,"Normal weight",B60<=29.99,"Over weight",B60>=30,"Obesity")} -> Obesity | V60: {=_xlfn.IFS(C60<5.7,"Normal",C60<=6.49,"Prediabetes",C60>=6.5,"Diabetes")} -> Prediabetes | W60: =PROPER(E60) -> No
A61: Id60 | B61: 54.82 | C61: 10.61 | D61: No | E61: No | F61: No | G61: No major surgery | H61: yes | I61: =CLEAN(A61) -> Id60 | J61: =CLEAN(B61) -> 54.82 | K61: =CLEAN(C61) -> 10.61 | L61: =CLEAN(D61) -> No | M61: =CLEAN(E61) -> No | N61: =CLEAN(F61) -> No | O61: =CLEAN(G61) -> No major surgery | P61: =CLEAN(H61) -> yes | Q61: =SUBSTITUTE(O61,"No major surgery",0) -> 0 | R61: =PROPER(L61) -> No | S61: =PROPER(P61) -> Yes | T61: =SUBSTITUTE(S61,"?","No") -> Yes | U61: {=_xlfn.IFS(B61<18.5,"Underweight",B61<=24.9,"Normal weight",B61<=29.99,"Over weight",B61>=30,"Obesity")} -> Obesity | V61: {=_xlfn.IFS(C61<5.7,"Normal",C61<=6.49,"Prediabetes",C61>=6.5,"Diabetes")} -> Diabetes | W61: =PROPER(E61) -> No
A62: Id61 | B62: 38.06 | C62: 6.04 | D62: No | E62: No | F62: Yes | G62: 1 | H62: yes | I62: =CLEAN(A62) -> Id61 | J62: =CLEAN(B62) -> 38.06 | K62: =CLEAN(C62) -> 6.04 | L62: =CLEAN(D62) -> No | M62: =CLEAN(E62) -> No | N62: =CLEAN(F62) -> Yes | O62: =CLEAN(G62) -> 1 | P62: =CLEAN(H62) -> yes | Q62: =SUBSTITUTE(O62,"No major surgery",0) -> 1 | R62: =PROPER(L62) -> No | S62: =PROPER(P62) -> Yes | T62: =SUBSTITUTE(S62,"?","No") -> Yes | U62: {=_xlfn.IFS(B62<18.5,"Underweight",B62<=24.9,"Normal weight",B62<=29.99,"Over weight",B62>=30,"Obesity")} -> Obesity | V62: {=_xlfn.IFS(C62<5.7,"Normal",C62<=6.49,"Prediabetes",C62>=6.5,"Diabetes")} -> Prediabetes | W62: =PROPER(E62) -> No
A63: Id62 | B63: 51.48 | C63: 9.33 | D63: yes | E63: No | F63: No | G63: No major surgery | H63: yes | I63: =CLEAN(A63) -> Id62 | J63: =CLEAN(B63) -> 51.48 | K63: =CLEAN(C63) -> 9.33 | L63: =CLEAN(D63) -> yes | M63: =CLEAN(E63) -> No | N63: =CLEAN(F63) -> No | O63: =CLEAN(G63) -> No major surgery | P63: =CLEAN(H63) -> yes | Q63: =SUBSTITUTE(O63,"No major surgery",0) -> 0 | R63: =PROPER(L63) -> Yes | S63: =PROPER(P63) -> Yes | T63: =SUBSTITUTE(S63,"?","No") -> Yes | U63: {=_xlfn.IFS(B63<18.5,"Underweight",B63<=24.9,"Normal weight",B63<=29.99,"Over weight",B63>=30,"Obesity")} -> Obesity | V63: {=_xlfn.IFS(C63<5.7,"Normal",C63<=6.49,"Prediabetes",C63>=6.5,"Diabetes")} -> Diabetes | W63: =PROPER(E63) -> No
A64: Id63 | B64: 52.06 | C64: 11.47 | D64: No | E64: No | F64: No | G64: No major surgery | H64: yes | I64: =CLEAN(A64) -> Id63 | J64: =CLEAN(B64) -> 52.06 | K64: =CLEAN(C64) -> 11.47 | L64: =CLEAN(D64) -> No | M64: =CLEAN(E64) -> No | N64: =CLEAN(F64) -> No | O64: =CLEAN(G64) -> No major surgery | P64: =CLEAN(H64) -> yes | Q64: =SUBSTITUTE(O64,"No major surgery",0) -> 0 | R64: =PROPER(L64) -> No | S64: =PROPER(P64) -> Yes | T64: =SUBSTITUTE(S64,"?","No") -> Yes | U64: {=_xlfn.IFS(B64<18.5,"Underweight",B64<=24.9,"Normal weight",B64<=29.99,"Over weight",B64>=30,"Obesity")} -> Obesity | V64: {=_xlfn.IFS(C64<5.7,"Normal",C64<=6.49,"Prediabetes",C64>=6.5,"Diabetes")} -> Diabetes | W64: =PROPER(E64) -> No
A65: Id64 | B65: 30.685 | C65: 7.02 | D65: yes | E65: No | F65: No | G65: No major surgery | H65: yes | I65: =CLEAN(A65) -> Id64 | J65: =CLEAN(B65) -> 30.685 | K65: =CLEAN(C65) -> 7.02 | L65: =CLEAN(D65) -> yes | M65: =CLEAN(E65) -> No | N65: =CLEAN(F65) -> No | O65: =CLEAN(G65) -> No major surgery | P65: =CLEAN(H65) -> yes | Q65: =SUBSTITUTE(O65,"No major surgery",0) -> 0 | R65: =PROPER(L65) -> Yes | S65: =PROPER(P65) -> Yes | T65: =SUBSTITUTE(S65,"?","No") -> Yes | U65: {=_xlfn.IFS(B65<18.5,"Underweight",B65<=24.9,"Normal weight",B65<=29.99,"Over weight",B65>=30,"Obesity")} -> Obesity | V65: {=_xlfn.IFS(C65<5.7,"Normal",C65<=6.49,"Prediabetes",C65>=6.5,"Diabetes")} -> Diabetes | W65: =PROPER(E65) -> No
A66: Id65 | B66: 36.08 | C66: 8.8 | D66: yes | E66: No | F66: No | G66: 1 | H66: yes | I66: =CLEAN(A66) -> Id65 | J66: =CLEAN(B66) -> 36.08 | K66: =CLEAN(C66) -> 8.8 | L66: =CLEAN(D66) -> yes | M66: =CLEAN(E66) -> No | N66: =CLEAN(F66) -> No | O66: =CLEAN(G66) -> 1 | P66: =CLEAN(H66) -> yes | Q66: =SUBSTITUTE(O66,"No major surgery",0) -> 1 | R66: =PROPER(L66) -> Yes | S66: =PROPER(P66) -> Yes | T66: =SUBSTITUTE(S66,"?","No") -> Yes | U66: {=_xlfn.IFS(B66<18.5,"Underweight",B66<=24.9,"Normal weight",B66<=29.99,"Over weight",B66>=30,"Obesity")} -> Obesity | V66: {=_xlfn.IFS(C66<5.7,"Normal",C66<=6.49,"Prediabetes",C66>=6.5,"Diabetes")} -> Diabetes | W66: =PROPER(E66) -> No
A67: Id66 | B67: 54.99 | C67: 8.68 | D67: No | E67: No | F67: No | G67: 2 | H67: yes | I67: =CLEAN(A67) -> Id66 | J67: =CLEAN(B67) -> 54.99 | K67: =CLEAN(C67) -> 8.68 | L67: =CLEAN(D67) -> No | M67: =CLEAN(E67) -> No | N67: =CLEAN(F67) -> No | O67: =CLEAN(G67) -> 2 | P67: =CLEAN(H67) -> yes | Q67: =SUBSTITUTE(O67,"No major surgery",0) -> 2 | R67: =PROPER(L67) -> No | S67: =PROPER(P67) -> Yes | T67: =SUBSTITUTE(S67,"?","No") -> Yes | U67: {=_xlfn.IFS(B67<18.5,"Underweight",B67<=24.9,"Normal weight",B67<=29.99,"Over weight",B67>=30,"Obesity")} -> Obesity | V67: {=_xlfn.IFS(C67<5.7,"Normal",C67<=6.49,"Prediabetes",C67>=6.5,"Diabetes")} -> Diabetes | W67: =PROPER(E67) -> No
A68: Id67 | B68: 35.97 | C68: 6.12 | D68: No | E68: No | F68: Yes | G68: 1 | H68: yes | I68: =CLEAN(A68) -> Id67 | J68: =CLEAN(B68) -> 35.97 | K68: =CLEAN(C68) -> 6.12 | L68: =CLEAN(D68) -> No | M68: =CLEAN(E68) -> No | N68: =CLEAN(F68) -> Yes | O68: =CLEAN(G68) -> 1 | P68: =CLEAN(H68) -> yes | Q68: =SUBSTITUTE(O68,"No major surgery",0) -> 1 | R68: =PROPER(L68) -> No | S68: =PROPER(P68) -> Yes | T68: =SUBSTITUTE(S68,"?","No") -> Yes | U68: {=_xlfn.IFS(B68<18.5,"Underweight",B68<=24.9,"Normal weight",B68<=29.99,"Over weight",B68>=30,"Obesity")} -> Obesity | V68: {=_xlfn.IFS(C68<5.7,"Normal",C68<=6.49,"Prediabetes",C68>=6.5,"Diabetes")} -> Prediabetes | W68: =PROPER(E68) -> No
A69: Id68 | B69: 45.54 | C69: 5.4 | D69: yes | E69: No | F69: Yes | G69: 1 | H69: yes | I69: =CLEAN(A69) -> Id68 | J69: =CLEAN(B69) -> 45.54 | K69: =CLEAN(C69) -> 5.4 | L69: =CLEAN(D69) -> yes | M69: =CLEAN(E69) -> No | N69: =CLEAN(F69) -> Yes | O69: =CLEAN(G69) -> 1 | P69: =CLEAN(H69) -> yes | Q69: =SUBSTITUTE(O69,"No major surgery",0) -> 1 | R69: =PROPER(L69) -> Yes | S69: =PROPER(P69) -> Yes | T69: =SUBSTITUTE(S69,"?","No") -> Yes | U69: {=_xlfn.IFS(B69<18.5,"Underweight",B69<=24.9,"Normal weight",B69<=29.99,"Over weight",B69>=30,"Obesity")} -> Obesity | V69: {=_xlfn.IFS(C69<5.7,"Normal",C69<=6.49,"Prediabetes",C69>=6.5,"Diabetes")} -> Normal | W69: =PROPER(E69) -> No
A70: Id69 | B70: 35.53 | C70: 4.36 | D70: yes | E70: No | F70: No | G70: No major surgery | H70: yes | I70: =CLEAN(A70) -> Id69 | J70: =CLEAN(B70) -> 35.53 | K70: =CLEAN(C70) -> 4.36 | L70: =CLEAN(D70) -> yes | M70: =CLEAN(E70) -> No | N70: =CLEAN(F70) -> No | O70: =CLEAN(G70) -> No major surgery | P70: =CLEAN(H70) -> yes | Q70: =SUBSTITUTE(O70,"No major surgery",0) -> 0 | R70: =PROPER(L70) -> Yes | S70: =PROPER(P70) -> Yes | T70: =SUBSTITUTE(S70,"?","No") -> Yes | U70: {=_xlfn.IFS(B70<18.5,"Underweight",B70<=24.9,"Normal weight",B70<=29.99,"Over weight",B70>=30,"Obesity")} -> Obesity | V70: {=_xlfn.IFS(C70<5.7,"Normal",C70<=6.49,"Prediabetes",C70>=6.5,"Diabetes")} -> Normal | W70: =PROPER(E70) -> No
A71: Id70 | B71: 30.8 | C71: 9.77 | D71: No | E71: No | F71: No | G71: No major surgery | H71: yes | I71: =CLEAN(A71) -> Id70 | J71: =CLEAN(B71) -> 30.8 | K71: =CLEAN(C71) -> 9.77 | L71: =CLEAN(D71) -> No | M71: =CLEAN(E71) -> No | N71: =CLEAN(F71) -> No | O71: =CLEAN(G71) -> No major surgery | P71: =CLEAN(H71) -> yes | Q71: =SUBSTITUTE(O71,"No major surgery",0) -> 0 | R71: =PROPER(L71) -> No | S71: =PROPER(P71) -> Yes | T71: =SUBSTITUTE(S71,"?","No") -> Yes | U71: {=_xlfn.IFS(B71<18.5,"Underweight",B71<=24.9,"Normal weight",B71<=29.99,"Over weight",B71>=30,"Obesity")} -> Obesity | V71: {=_xlfn.IFS(C71<5.7,"Normal",C71<=6.49,"Prediabetes",C71>=6.5,"Diabetes")} -> Diabetes | W71: =PROPER(E71) -> No
A72: Id71 | B72: 38.39 | C72: 4.25 | D72: No | E72: No | F72: No | G72: 1 | H72: yes | I72: =CLEAN(A72) -> Id71 | J72: =CLEAN(B72) -> 38.39 | K72: =CLEAN(C72) -> 4.25 | L72: =CLEAN(D72) -> No | M72: =CLEAN(E72) -> No | N72: =CLEAN(F72) -> No | O72: =CLEAN(G72) -> 1 | P72: =CLEAN(H72) -> yes | Q72: =SUBSTITUTE(O72,"No major surgery",0) -> 1 | R72: =PROPER(L72) -> No | S72: =PROPER(P72) -> Yes | T72: =SUBSTITUTE(S72,"?","No") -> Yes | U72: {=_xlfn.IFS(B72<18.5,"Underweight",B72<=24.9,"Normal weight",B72<=29.99,"Over weight",B72>=30,"Obesity")} -> Obesity | V72: {=_xlfn.IFS(C72<5.7,"Normal",C72<=6.49,"Prediabetes",C72>=6.5,"Diabetes")} -> Normal | W72: =PROPER(E72) -> No
A73: Id72 | B73: 32.3 | C73: 4.76 | D73: No | E73: No | F73: No | G73: 2 | H73: yes | I73: =CLEAN(A73) -> Id72 | J73: =CLEAN(B73) -> 32.3 | K73: =CLEAN(C73) -> 4.76 | L73: =CLEAN(D73) -> No | M73: =CLEAN(E73) -> No | N73: =CLEAN(F73) -> No | O73: =CLEAN(G73) -> 2 | P73: =CLEAN(H73) -> yes | Q73: =SUBSTITUTE(O73,"No major surgery",0) -> 2 | R73: =PROPER(L73) -> No | S73: =PROPER(P73) -> Yes | T73: =SUBSTITUTE(S73,"?","No") -> Yes | U73: {=_xlfn.IFS(B73<18.5,"Underweight",B73<=24.9,"Normal weight",B73<=29.99,"Over weight",B73>=30,"Obesity")} -> Obesity | V73: {=_xlfn.IFS(C73<5.7,"Normal",C73<=6.49,"Prediabetes",C73>=6.5,"Diabetes")} -> Normal | W73: =PROPER(E73) -> No
A74: Id73 | B74: 48.8 | C74: 6.22 | D74: yes | E74: No | F74: No | G74: 2 | H74: yes | I74: =CLEAN(A74) -> Id73 | J74: =CLEAN(B74) -> 48.8 | K74: =CLEAN(C74) -> 6.22 | L74: =CLEAN(D74) -> yes | M74: =CLEAN(E74) -> No | N74: =CLEAN(F74) -> No | O74: =CLEAN(G74) -> 2 | P74: =CLEAN(H74) -> yes | Q74: =SUBSTITUTE(O74,"No major surgery",0) -> 2 | R74: =PROPER(L74) -> Yes | S74: =PROPER(P74) -> Yes | T74: =SUBSTITUTE(S74,"?","No") -> Yes | U74: {=_xlfn.IFS(B74<18.5,"Underweight",B74<=24.9,"Normal weight",B74<=29.99,"Over weight",B74>=30,"Obesity")} -> Obesity | V74: {=_xlfn.IFS(C74<5.7,"Normal",C74<=6.49,"Prediabetes",C74>=6.5,"Diabetes")} -> Prediabetes | W74: =PROPER(E74) -> No
A75: Id74 | B75: 45.5 | C75: 7.96 | D75: No | E75: No | F75: No | G75: No major surgery | H75: yes | I75: =CLEAN(A75) -> Id74 | J75: =CLEAN(B75) -> 45.5 | K75: =CLEAN(C75) -> 7.96 | L75: =CLEAN(D75) -> No | M75: =CLEAN(E75) -> No | N75: =CLEAN(F75) -> No | O75: =CLEAN(G75) -> No major surgery | P75: =CLEAN(H75) -> yes | Q75: =SUBSTITUTE(O75,"No major surgery",0) -> 0 | R75: =PROPER(L75) -> No | S75: =PROPER(P75) -> Yes | T75: =SUBSTITUTE(S75,"?","No") -> Yes | U75: {=_xlfn.IFS(B75<18.5,"Underweight",B75<=24.9,"Normal weight",B75<=29.99,"Over weight",B75>=30,"Obesity")} -> Obesity | V75: {=_xlfn.IFS(C75<5.7,"Normal",C75<=6.49,"Prediabetes",C75>=6.5,"Diabetes")} -> Diabetes | W75: =PROPER(E75) -> No
A76: Id75 | B76: 53.61 | C76: 10.92 | D76: yes | E76: No | F76: No | G76: 1 | H76: yes | I76: =CLEAN(A76) -> Id75 | J76: =CLEAN(B76) -> 53.61 | K76: =CLEAN(C76) -> 10.92 | L76: =CLEAN(D76) -> yes | M76: =CLEAN(E76) -> No | N76: =CLEAN(F76) -> No | O76: =CLEAN(G76) -> 1 | P76: =CLEAN(H76) -> yes | Q76: =SUBSTITUTE(O76,"No major surgery",0) -> 1 | R76: =PROPER(L76) -> Yes | S76: =PROPER(P76) -> Yes | T76: =SUBSTITUTE(S76,"?","No") -> Yes | U76: {=_xlfn.IFS(B76<18.5,"Underweight",B76<=24.9,"Normal weight",B76<=29.99,"Over weight",B76>=30,"Obesity")} -> Obesity | V76: {=_xlfn.IFS(C76<5.7,"Normal",C76<=6.49,"Prediabetes",C76>=6.5,"Diabetes")} -> Diabetes | W76: =PROPER(E76) -> No
A77: Id76 | B77: 36.19 | C77: 11.51 | D77: yes | E77: No | F77: No | G77: 1 | H77: yes | I77: =CLEAN(A77) -> Id76 | J77: =CLEAN(B77) -> 36.19 | K77: =CLEAN(C77) -> 11.51 | L77: =CLEAN(D77) -> yes | M77: =CLEAN(E77) -> No | N77: =CLEAN(F77) -> No | O77: =CLEAN(G77) -> 1 | P77: =CLEAN(H77) -> yes | Q77: =SUBSTITUTE(O77,"No major surgery",0) -> 1 | R77: =PROPER(L77) -> Yes | S77: =PROPER(P77) -> Yes | T77: =SUBSTITUTE(S77,"?","No") -> Yes | U77: {=_xlfn.IFS(B77<18.5,"Underweight",B77<=24.9,"Normal weight",B77<=29.99,"Over weight",B77>=30,"Obesity")} -> Obesity | V77: {=_xlfn.IFS(C77<5.7,"Normal",C77<=6.49,"Prediabetes",C77>=6.5,"Diabetes")} -> Diabetes | W77: =PROPER(E77) -> No
A78: Id77 | B78: 34.6 | C78: 5.99 | D78: yes | E78: No | F78: No | G78: No major surgery | H78: yes | I78: =CLEAN(A78) -> Id77 | J78: =CLEAN(B78) -> 34.6 | K78: =CLEAN(C78) -> 5.99 | L78: =CLEAN(D78) -> yes | M78: =CLEAN(E78) -> No | N78: =CLEAN(F78) -> No | O78: =CLEAN(G78) -> No major surgery | P78: =CLEAN(H78) -> yes | Q78: =SUBSTITUTE(O78,"No major surgery",0) -> 0 | R78: =PROPER(L78) -> Yes | S78: =PROPER(P78) -> Yes | T78: =SUBSTITUTE(S78,"?","No") -> Yes | U78: {=_xlfn.IFS(B78<18.5,"Underweight",B78<=24.9,"Normal weight",B78<=29.99,"Over weight",B78>=30,"Obesity")} -> Obesity | V78: {=_xlfn.IFS(C78<5.7,"Normal",C78<=6.49,"Prediabetes",C78>=6.5,"Diabetes")} -> Prediabetes | W78: =PROPER(E78) -> No
A79: Id78 | B79: 54.12 | C79: 11.57 | D79: No | E79: No | F79: No | G79: No major surgery | H79: yes | I79: =CLEAN(A79) -> Id78 | J79: =CLEAN(B79) -> 54.12 | K79: =CLEAN(C79) -> 11.57 | L79: =CLEAN(D79) -> No | M79: =CLEAN(E79) -> No | N79: =CLEAN(F79) -> No | O79: =CLEAN(G79) -> No major surgery | P79: =CLEAN(H79) -> yes | Q79: =SUBSTITUTE(O79,"No major surgery",0) -> 0 | R79: =PROPER(L79) -> No | S79: =PROPER(P79) -> Yes | T79: =SUBSTITUTE(S79,"?","No") -> Yes | U79: {=_xlfn.IFS(B79<18.5,"Underweight",B79<=24.9,"Normal weight",B79<=29.99,"Over weight",B79>=30,"Obesity")} -> Obesity | V79: {=_xlfn.IFS(C79<5.7,"Normal",C79<=6.49,"Prediabetes",C79>=6.5,"Diabetes")} -> Diabetes | W79: =PROPER(E79) -> No
A80: Id79 | B80: 48.82 | C80: 6.67 | D80: yes | E80: No | F80: No | G80: No major surgery | H80: yes | I80: =CLEAN(A80) -> Id79 | J80: =CLEAN(B80) -> 48.82 | K80: =CLEAN(C80) -> 6.67 | L80: =CLEAN(D80) -> yes | M80: =CLEAN(E80) -> No | N80: =CLEAN(F80) -> No | O80: =CLEAN(G80) -> No major surgery | P80: =CLEAN(H80) -> yes | Q80: =SUBSTITUTE(O80,"No major surgery",0) -> 0 | R80: =PROPER(L80) -> Yes | S80: =PROPER(P80) -> Yes | T80: =SUBSTITUTE(S80,"?","No") -> Yes | U80: {=_xlfn.IFS(B80<18.5,"Underweight",B80<=24.9,"Normal weight",B80<=29.99,"Over weight",B80>=30,"Obesity")} -> Obesity | V80: {=_xlfn.IFS(C80<5.7,"Normal",C80<=6.49,"Prediabetes",C80>=6.5,"Diabetes")} -> Diabetes | W80: =PROPER(E80) -> No
A81: Id80 | B81: 51.01 | C81: 9.2 | D81: No | E81: No | F81: No | G81: No major surgery | H81: yes | I81: =CLEAN(A81) -> Id80 | J81: =CLEAN(B81) -> 51.01 | K81: =CLEAN(C81) -> 9.2 | L81: =CLEAN(D81) -> No | M81: =CLEAN(E81) -> No | N81: =CLEAN(F81) -> No | O81: =CLEAN(G81) -> No major surgery | P81: =CLEAN(H81) -> yes | Q81: =SUBSTITUTE(O81,"No major surgery",0) -> 0 | R81: =PROPER(L81) -> No | S81: =PROPER(P81) -> Yes | T81: =SUBSTITUTE(S81,"?","No") -> Yes | U81: {=_xlfn.IFS(B81<18.5,"Underweight",B81<=24.9,"Normal weight",B81<=29.99,"Over weight",B81>=30,"Obesity")} -> Obesity | V81: {=_xlfn.IFS(C81<5.7,"Normal",C81<=6.49,"Prediabetes",C81>=6.5,"Diabetes")} -> Diabetes | W81: =PROPER(E81) -> No
A82: Id81 | B82: 45.65 | C82: 5.11 | D82: yes | E82: No | F82: No | G82: 1 | H82: yes | I82: =CLEAN(A82) -> Id81 | J82: =CLEAN(B82) -> 45.65 | K82: =CLEAN(C82) -> 5.11 | L82: =CLEAN(D82) -> yes | M82: =CLEAN(E82) -> No | N82: =CLEAN(F82) -> No | O82: =CLEAN(G82) -> 1 | P82: =CLEAN(H82) -> yes | Q82: =SUBSTITUTE(O82,"No major surgery",0) -> 1 | R82: =PROPER(L82) -> Yes | S82: =PROPER(P82) -> Yes | T82: =SUBSTITUTE(S82,"?","No") -> Yes | U82: {=_xlfn.IFS(B82<18.5,"Underweight",B82<=24.9,"Normal weight",B82<=29.99,"Over weight",B82>=30,"Obesity")} -> Obesity | V82: {=_xlfn.IFS(C82<5.7,"Normal",C82<=6.49,"Prediabetes",C82>=6.5,"Diabetes")} -> Normal | W82: =PROPER(E82) -> No
A83: Id82 | B83: 52.9 | C83: 5.34 | D83: No | E83: No | F83: No | G83: No major surgery | H83: yes | I83: =CLEAN(A83) -> Id82 | J83: =CLEAN(B83) -> 52.9 | K83: =CLEAN(C83) -> 5.34 | L83: =CLEAN(D83) -> No | M83: =CLEAN(E83) -> No | N83: =CLEAN(F83) -> No | O83: =CLEAN(G83) -> No major surgery | P83: =CLEAN(H83) -> yes | Q83: =SUBSTITUTE(O83,"No major surgery",0) -> 0 | R83: =PROPER(L83) -> No | S83: =PROPER(P83) -> Yes | T83: =SUBSTITUTE(S83,"?","No") -> Yes | U83: {=_xlfn.IFS(B83<18.5,"Underweight",B83<=24.9,"Normal weight",B83<=29.99,"Over weight",B83>=30,"Obesity")} -> Obesity | V83: {=_xlfn.IFS(C83<5.7,"Normal",C83<=6.49,"Prediabetes",C83>=6.5,"Diabetes")} -> Normal | W83: =PROPER(E83) -> No
A84: Id83 | B84: 45.41 | C84: 4.03 | D84: yes | E84: No | F84: No | G84: 1 | H84: yes | I84: =CLEAN(A84) -> Id83 | J84: =CLEAN(B84) -> 45.41 | K84: =CLEAN(C84) -> 4.03 | L84: =CLEAN(D84) -> yes | M84: =CLEAN(E84) -> No | N84: =CLEAN(F84) -> No | O84: =CLEAN(G84) -> 1 | P84: =CLEAN(H84) -> yes | Q84: =SUBSTITUTE(O84,"No major surgery",0) -> 1 | R84: =PROPER(L84) -> Yes | S84: =PROPER(P84) -> Yes | T84: =SUBSTITUTE(S84,"?","No") -> Yes | U84: {=_xlfn.IFS(B84<18.5,"Underweight",B84<=24.9,"Normal weight",B84<=29.99,"Over weight",B84>=30,"Obesity")} -> Obesity | V84: {=_xlfn.IFS(C84<5.7,"Normal",C84<=6.49,"Prediabetes",C84>=6.5,"Diabetes")} -> Normal | W84: =PROPER(E84) -> No
A85: Id84 | B85: 49.41 | C85: 4.23 | D85: yes | E85: No | F85: Yes | G85: 1 | H85: yes | I85: =CLEAN(A85) -> Id84 | J85: =CLEAN(B85) -> 49.41 | K85: =CLEAN(C85) -> 4.23 | L85: =CLEAN(D85) -> yes | M85: =CLEAN(E85) -> No | N85: =CLEAN(F85) -> Yes | O85: =CLEAN(G85) -> 1 | P85: =CLEAN(H85) -> yes | Q85: =SUBSTITUTE(O85,"No major surgery",0) -> 1 | R85: =PROPER(L85) -> Yes | S85: =PROPER(P85) -> Yes | T85: =SUBSTITUTE(S85,"?","No") -> Yes | U85: {=_xlfn.IFS(B85<18.5,"Underweight",B85<=24.9,"Normal weight",B85<=29.99,"Over weight",B85>=30,"Obesity")} -> Obesity | V85: {=_xlfn.IFS(C85<5.7,"Normal",C85<=6.49,"Prediabetes",C85>=6.5,"Diabetes")} -> Normal | W85: =PROPER(E85) -> No
A86: Id85 | B86: 31.825 | C86: 4.06 | D86: No | E86: No | F86: No | G86: 2 | H86: yes | I86: =CLEAN(A86) -> Id85 | J86: =CLEAN(B86) -> 31.825 | K86: =CLEAN(C86) -> 4.06 | L86: =CLEAN(D86) -> No | M86: =CLEAN(E86) -> No | N86: =CLEAN(F86) -> No | O86: =CLEAN(G86) -> 2 | P86: =CLEAN(H86) -> yes | Q86: =SUBSTITUTE(O86,"No major surgery",0) -> 2 | R86: =PROPER(L86) -> No | S86: =PROPER(P86) -> Yes | T86: =SUBSTITUTE(S86,"?","No") -> Yes | U86: {=_xlfn.IFS(B86<18.5,"Underweight",B86<=24.9,"Normal weight",B86<=29.99,"Over weight",B86>=30,"Obesity")} -> Obesity | V86: {=_xlfn.IFS(C86<5.7,"Normal",C86<=6.49,"Prediabetes",C86>=6.5,"Diabetes")} -> Normal | W86: =PROPER(E86) -> No
A87: Id86 | B87: 51.28 | C87: 4.68 | D87: No | E87: No | F87: No | G87: 2 | H87: yes | I87: =CLEAN(A87) -> Id86 | J87: =CLEAN(B87) -> 51.28 | K87: =CLEAN(C87) -> 4.68 | L87: =CLEAN(D87) -> No | M87: =CLEAN(E87) -> No | N87: =CLEAN(F87) -> No | O87: =CLEAN(G87) -> 2 | P87: =CLEAN(H87) -> yes | Q87: =SUBSTITUTE(O87,"No major surgery",0) -> 2 | R87: =PROPER(L87) -> No | S87: =PROPER(P87) -> Yes | T87: =SUBSTITUTE(S87,"?","No") -> Yes | U87: {=_xlfn.IFS(B87<18.5,"Underweight",B87<=24.9,"Normal weight",B87<=29.99,"Over weight",B87>=30,"Obesity")} -> Obesity | V87: {=_xlfn.IFS(C87<5.7,"Normal",C87<=6.49,"Prediabetes",C87>=6.5,"Diabetes")} -> Normal | W87: =PROPER(E87) -> No
A88: Id87 | B88: 34.96 | C88: 4.34 | D88: No | E88: No | F88: Yes | G88: 1 | H88: yes | I88: =CLEAN(A88) -> Id87 | J88: =CLEAN(B88) -> 34.96 | K88: =CLEAN(C88) -> 4.34 | L88: =CLEAN(D88) -> No | M88: =CLEAN(E88) -> No | N88: =CLEAN(F88) -> Yes | O88: =CLEAN(G88) -> 1 | P88: =CLEAN(H88) -> yes | Q88: =SUBSTITUTE(O88,"No major surgery",0) -> 1 | R88: =PROPER(L88) -> No | S88: =PROPER(P88) -> Yes | T88: =SUBSTITUTE(S88,"?","No") -> Yes | U88: {=_xlfn.IFS(B88<18.5,"Underweight",B88<=24.9,"Normal weight",B88<=29.99,"Over weight",B88>=30,"Obesity")} -> Obesity | V88: {=_xlfn.IFS(C88<5.7,"Normal",C88<=6.49,"Prediabetes",C88>=6.5,"Diabetes")} -> Normal | W88: =PROPER(E88) -> No
A89: Id88 | B89: 33.11 | C89: 10.51 | D89: No | E89: No | F89: No | G89: No major surgery | H89: yes | I89: =CLEAN(A89) -> Id88 | J89: =CLEAN(B89) -> 33.11 | K89: =CLEAN(C89) -> 10.51 | L89: =CLEAN(D89) -> No | M89: =CLEAN(E89) -> No | N89: =CLEAN(F89) -> No | O89: =CLEAN(G89) -> No major surgery | P89: =CLEAN(H89) -> yes | Q89: =SUBSTITUTE(O89,"No major surgery",0) -> 0 | R89: =PROPER(L89) -> No | S89: =PROPER(P89) -> Yes | T89: =SUBSTITUTE(S89,"?","No") -> Yes | U89: {=_xlfn.IFS(B89<18.5,"Underweight",B89<=24.9,"Normal weight",B89<=29.99,"Over weight",B89>=30,"Obesity")} -> Obesity | V89: {=_xlfn.IFS(C89<5.7,"Normal",C89<=6.49,"Prediabetes",C89>=6.5,"Diabetes")} -> Diabetes | W89: =PROPER(E89) -> No
A90: Id89 | B90: 54.74 | C90: 5.84 | D90: yes | E90: No | F90: Yes | G90: 1 | H90: yes | I90: =CLEAN(A90) -> Id89 | J90: =CLEAN(B90) -> 54.74 | K90: =CLEAN(C90) -> 5.84 | L90: =CLEAN(D90) -> yes | M90: =CLEAN(E90) -> No | N90: =CLEAN(F90) -> Yes | O90: =CLEAN(G90) -> 1 | P90: =CLEAN(H90) -> yes | Q90: =SUBSTITUTE(O90,"No major surgery",0) -> 1 | R90: =PROPER(L90) -> Yes | S90: =PROPER(P90) -> Yes | T90: =SUBSTITUTE(S90,"?","No") -> Yes | U90: {=_xlfn.IFS(B90<18.5,"Underweight",B90<=24.9,"Normal weight",B90<=29.99,"Over weight",B90>=30,"Obesity")} -> Obesity | V90: {=_xlfn.IFS(C90<5.7,"Normal",C90<=6.49,"Prediabetes",C90>=6.5,"Diabetes")} -> Prediabetes | W90: =PROPER(E90) -> No
A91: Id90 | B91: 32.56 | C91: 5.41 | D91: No | E91: No | F91: Yes | G91: 1 | H91: yes | I91: =CLEAN(A91) -> Id90 | J91: =CLEAN(B91) -> 32.56 | K91: =CLEAN(C91) -> 5.41 | L91: =CLEAN(D91) -> No | M91: =CLEAN(E91) -> No | N91: =CLEAN(F91) -> Yes | O91: =CLEAN(G91) -> 1 | P91: =CLEAN(H91) -> yes | Q91: =SUBSTITUTE(O91,"No major surgery",0) -> 1 | R91: =PROPER(L91) -> No | S91: =PROPER(P91) -> Yes | T91: =SUBSTITUTE(S91,"?","No") -> Yes | U91: {=_xlfn.IFS(B91<18.5,"Underweight",B91<=24.9,"Normal weight",B91<=29.99,"Over weight",B91>=30,"Obesity")} -> Obesity | V91: {=_xlfn.IFS(C91<5.7,"Normal",C91<=6.49,"Prediabetes",C91>=6.5,"Diabetes")} -> Normal | W91: =PROPER(E91) -> No
A92: Id91 | B92: 39.05 | C92: 6.06 | D92: No | E92: No | F92: No | G92: 1 | H92: yes | I92: =CLEAN(A92) -> Id91 | J92: =CLEAN(B92) -> 39.05 | K92: =CLEAN(C92) -> 6.06 | L92: =CLEAN(D92) -> No | M92: =CLEAN(E92) -> No | N92: =CLEAN(F92) -> No | O92: =CLEAN(G92) -> 1 | P92: =CLEAN(H92) -> yes | Q92: =SUBSTITUTE(O92,"No major surgery",0) -> 1 | R92: =PROPER(L92) -> No | S92: =PROPER(P92) -> Yes | T92: =SUBSTITUTE(S92,"?","No") -> Yes | U92: {=_xlfn.IFS(B92<18.5,"Underweight",B92<=24.9,"Normal weight",B92<=29.99,"Over weight",B92>=30,"Obesity")} -> Obesity | V92: {=_xlfn.IFS(C92<5.7,"Normal",C92<=6.49,"Prediabetes",C92>=6.5,"Diabetes")} -> Prediabetes | W92: =PROPER(E92) -> No
A93: Id92 | B93: 42.75 | C93: 4.22 | D93: No | E93: No | F93: No | G93: No major surgery | H93: yes | I93: =CLEAN(A93) -> Id92 | J93: =CLEAN(B93) -> 42.75 | K93: =CLEAN(C93) -> 4.22 | L93: =CLEAN(D93) -> No | M93: =CLEAN(E93) -> No | N93: =CLEAN(F93) -> No | O93: =CLEAN(G93) -> No major surgery | P93: =CLEAN(H93) -> yes | Q93: =SUBSTITUTE(O93,"No major surgery",0) -> 0 | R93: =PROPER(L93) -> No | S93: =PROPER(P93) -> Yes | T93: =SUBSTITUTE(S93,"?","No") -> Yes | U93: {=_xlfn.IFS(B93<18.5,"Underweight",B93<=24.9,"Normal weight",B93<=29.99,"Over weight",B93>=30,"Obesity")} -> Obesity | V93: {=_xlfn.IFS(C93<5.7,"Normal",C93<=6.49,"Prediabetes",C93>=6.5,"Diabetes")} -> Normal | W93: =PROPER(E93) -> No
A94: Id93 | B94: 50.58 | C94: 5.12 | D94: No | E94: No | F94: No | G94: 2 | H94: yes | I94: =CLEAN(A94) -> Id93 | J94: =CLEAN(B94) -> 50.58 | K94: =CLEAN(C94) -> 5.12 | L94: =CLEAN(D94) -> No | M94: =CLEAN(E94) -> No | N94: =CLEAN(F94) -> No | O94: =CLEAN(G94) -> 2 | P94: =CLEAN(H94) -> yes | Q94: =SUBSTITUTE(O94,"No major surgery",0) -> 2 | R94: =PROPER(L94) -> No | S94: =PROPER(P94) -> Yes | T94: =SUBSTITUTE(S94,"?","No") -> Yes | U94: {=_xlfn.IFS(B94<18.5,"Underweight",B94<=24.9,"Normal weight",B94<=29.99,"Over weight",B94>=30,"Obesity")} -> Obesity | V94: {=_xlfn.IFS(C94<5.7,"Normal",C94<=6.49,"Prediabetes",C94>=6.5,"Diabetes")} -> Normal | W94: =PROPER(E94) -> No
A95: Id94 | B95: 30.495 | C95: 4.57 | D95: yes | E95: No | F95: No | G95: No major surgery | H95: yes | I95: =CLEAN(A95) -> Id94 | J95: =CLEAN(B95) -> 30.495 | K95: =CLEAN(C95) -> 4.57 | L95: =CLEAN(D95) -> yes | M95: =CLEAN(E95) -> No | N95: =CLEAN(F95) -> No | O95: =CLEAN(G95) -> No major surgery | P95: =CLEAN(H95) -> yes | Q95: =SUBSTITUTE(O95,"No major surgery",0) -> 0 | R95: =PROPER(L95) -> Yes | S95: =PROPER(P95) -> Yes | T95: =SUBSTITUTE(S95,"?","No") -> Yes | U95: {=_xlfn.IFS(B95<18.5,"Underweight",B95<=24.9,"Normal weight",B95<=29.99,"Over weight",B95>=30,"Obesity")} -> Obesity | V95: {=_xlfn.IFS(C95<5.7,"Normal",C95<=6.49,"Prediabetes",C95>=6.5,"Diabetes")} -> Normal | W95: =PROPER(E95) -> No
A96: Id95 | B96: 48.31 | C96: 9.58 | D96: yes | E96: No | F96: No | G96: 2 | H96: yes | I96: =CLEAN(A96) -> Id95 | J96: =CLEAN(B96) -> 48.31 | K96: =CLEAN(C96) -> 9.58 | L96: =CLEAN(D96) -> yes | M96: =CLEAN(E96) -> No | N96: =CLEAN(F96) -> No | O96: =CLEAN(G96) -> 2 | P96: =CLEAN(H96) -> yes | Q96: =SUBSTITUTE(O96,"No major surgery",0) -> 2 | R96: =PROPER(L96) -> Yes | S96: =PROPER(P96) -> Yes | T96: =SUBSTITUTE(S96,"?","No") -> Yes | U96: {=_xlfn.IFS(B96<18.5,"Underweight",B96<=24.9,"Normal weight",B96<=29.99,"Over weight",B96>=30,"Obesity")} -> Obesity | V96: {=_xlfn.IFS(C96<5.7,"Normal",C96<=6.49,"Prediabetes",C96>=6.5,"Diabetes")} -> Diabetes | W96: =PROPER(E96) -> No
A97: Id96 | B97: 48.99 | C97: 9.78 | D97: yes | E97: No | F97: No | G97: 1 | H97: yes | I97: =CLEAN(A97) -> Id96 | J97: =CLEAN(B97) -> 48.99 | K97: =CLEAN(C97) -> 9.78 | L97: =CLEAN(D97) -> yes | M97: =CLEAN(E97) -> No | N97: =CLEAN(F97) -> No | O97: =CLEAN(G97) -> 1 | P97: =CLEAN(H97) -> yes | Q97: =SUBSTITUTE(O97,"No major surgery",0) -> 1 | R97: =PROPER(L97) -> Yes | S97: =PROPER(P97) -> Yes | T97: =SUBSTITUTE(S97,"?","No") -> Yes | U97: {=_xlfn.IFS(B97<18.5,"Underweight",B97<=24.9,"Normal weight",B97<=29.99,"Over weight",B97>=30,"Obesity")} -> Obesity | V97: {=_xlfn.IFS(C97<5.7,"Normal",C97<=6.49,"Prediabetes",C97>=6.5,"Diabetes")} -> Diabetes | W97: =PROPER(E97) -> No
A98: Id97 | B98: 38.39 | C98: 4.11 | D98: yes | E98: No | F98: No | G98: No major surgery | H98: yes | I98: =CLEAN(A98) -> Id97 | J98: =CLEAN(B98) -> 38.39 | K98: =CLEAN(C98) -> 4.11 | L98: =CLEAN(D98) -> yes | M98: =CLEAN(E98) -> No | N98: =CLEAN(F98) -> No | O98: =CLEAN(G98) -> No major surgery | P98: =CLEAN(H98) -> yes | Q98: =SUBSTITUTE(O98,"No major surgery",0) -> 0 | R98: =PROPER(L98) -> Yes | S98: =PROPER(P98) -> Yes | T98: =SUBSTITUTE(S98,"?","No") -> Yes | U98: {=_xlfn.IFS(B98<18.5,"Underweight",B98<=24.9,"Normal weight",B98<=29.99,"Over weight",B98>=30,"Obesity")} -> Obesity | V98: {=_xlfn.IFS(C98<5.7,"Normal",C98<=6.49,"Prediabetes",C98>=6.5,"Diabetes")} -> Normal | W98: =PROPER(E98) -> No
A99: Id98 | B99: 44.34 | C99: 4.02 | D99: yes | E99: No | F99: No | G99: 2 | H99: yes | I99: =CLEAN(A99) -> Id98 | J99: =CLEAN(B99) -> 44.34 | K99: =CLEAN(C99) -> 4.02 | L99: =CLEAN(D99) -> yes | M99: =CLEAN(E99) -> No | N99: =CLEAN(F99) -> No | O99: =CLEAN(G99) -> 2 | P99: =CLEAN(H99) -> yes | Q99: =SUBSTITUTE(O99,"No major surgery",0) -> 2 | R99: =PROPER(L99) -> Yes | S99: =PROPER(P99) -> Yes | T99: =SUBSTITUTE(S99,"?","No") -> Yes | U99: {=_xlfn.IFS(B99<18.5,"Underweight",B99<=24.9,"Normal weight",B99<=29.99,"Over weight",B99>=30,"Obesity")} -> Obesity | V99: {=_xlfn.IFS(C99<5.7,"Normal",C99<=6.49,"Prediabetes",C99>=6.5,"Diabetes")} -> Normal | W99: =PROPER(E99) -> No
A100: Id99 | B100: 41.51 | C100: 6.92 | D100: No | E100: No | F100: No | G100: No major surgery | H100: yes | I100: =CLEAN(A100) -> Id99 | J100: =CLEAN(B100) -> 41.51 | K100: =CLEAN(C100) -> 6.92 | L100: =CLEAN(D100) -> No | M100: =CLEAN(E100) -> No | N100: =CLEAN(F100) -> No | O100: =CLEAN(G100) -> No major surgery | P100: =CLEAN(H100) -> yes | Q100: =SUBSTITUTE(O100,"No major surgery",0) -> 0 | R100: =PROPER(L100) -> No | S100: =PROPER(P100) -> Yes | T100: =SUBSTITUTE(S100,"?","No") -> Yes | U100: {=_xlfn.IFS(B100<18.5,"Underweight",B100<=24.9,"Normal weight",B100<=29.99,"Over weight",B100>=30,"Obesity")} -> Obesity | V100: {=_xlfn.IFS(C100<5.7,"Normal",C100<=6.49,"Prediabetes",C100>=6.5,"Diabetes")} -> Diabetes | W100: =PROPER(E100) -> No
...

Sheet Hospitalisation Details
A1: Customer ID | B1: year | C1: month | D1: date | E1: Date of birth | F1: age | G1: children | H1: charges | I1: Hospital tier | J1: City tier | K1: State ID | L1: Hospital tier | M1: City tier | N1: State ID | W1: Month
A2: Id2335 | B2: 1992 | C2: Jul | D2: 9 | E2: =DATEVALUE(D2&"-"&C2&"-"&B2) -> 33794 | F2: =DATEDIF(E2,DATE(2023,6,8),"Y") -> 30 | G2: 0 | H2: 563.84 | I2: tier - 2 | J2: tier - 3 | K2: R1013 | L2: =SUBSTITUTE(I2,"?","tier - 2") -> tier - 2 | M2: =SUBSTITUTE(J2,"?","tier - 2") -> tier - 3 | N2: =SUBSTITUTE(K2,"?","Unknown") -> R1013
A3: Id2334 | B3: 1992 | C3: Nov | D3: 30 | E3: =DATEVALUE(D3&"-"&C3&"-"&B3) -> 33938 | F3: =DATEDIF(E3,DATE(2023,6,8),"Y") -> 30 | G3: 0 | H3: 570.62 | I3: tier - 2 | J3: tier - 1 | K3: R1013 | L3: =SUBSTITUTE(I3,"?","tier - 2") -> tier - 2 | M3: =SUBSTITUTE(J3,"?","tier - 2") -> tier - 1 | N3: =SUBSTITUTE(K3,"?","Unknown") -> R1013
A4: Id2333 | B4: 1993 | C4: Jun | D4: 30 | E4: =DATEVALUE(D4&"-"&C4&"-"&B4) -> 34150 | F4: =DATEDIF(E4,DATE(2023,6,8),"Y") -> 29 | G4: 0 | H4: 600 | I4: tier - 2 | J4: tier - 1 | K4: R1013 | L4: =SUBSTITUTE(I4,"?","tier - 2") -> tier - 2 | M4: =SUBSTITUTE(J4,"?","tier - 2") -> tier - 1 | N4: =SUBSTITUTE(K4,"?","Unknown") -> R1013
A5: Id2332 | B5: 1992 | C5: Sep | D5: 13 | E5: =DATEVALUE(D5&"-"&C5&"-"&B5) -> 33860 | F5: =DATEDIF(E5,DATE(2023,6,8),"Y") -> 30 | G5: 0 | H5: 604.54 | I5: tier - 3 | J5: tier - 3 | K5: R1013 | L5: =SUBSTITUTE(I5,"?","tier - 2") -> tier - 3 | M5: =SUBSTITUTE(J5,"?","tier - 2") -> tier - 3 | N5: =SUBSTITUTE(K5,"?","Unknown") -> R1013
A6: Id2331 | B6: 1998 | C6: Jul | D6: 27 | E6: =DATEVALUE(D6&"-"&C6&"-"&B6) -> 36003 | F6: =DATEDIF(E6,DATE(2023,6,8),"Y") -> 24 | G6: 0 | H6: 637.26 | I6: tier - 3 | J6: tier - 3 | K6: R1013 | L6: =SUBSTITUTE(I6,"?","tier - 2") -> tier - 3 | M6: =SUBSTITUTE(J6,"?","tier - 2") -> tier - 3 | N6: =SUBSTITUTE(K6,"?","Unknown") -> R1013
A7: Id2330 | B7: 2001 | C7: Nov | D7: 20 | E7: =DATEVALUE(D7&"-"&C7&"-"&B7) -> 37215 | F7: =DATEDIF(E7,DATE(2023,6,8),"Y") -> 21 | G7: 0 | H7: 646.14 | I7: tier - 3 | J7: tier - 3 | K7: R1012 | L7: =SUBSTITUTE(I7,"?","tier - 2") -> tier - 3 | M7: =SUBSTITUTE(J7,"?","tier - 2") -> tier - 3 | N7: =SUBSTITUTE(K7,"?","Unknown") -> R1012
A8: Id2329 | B8: 1993 | C8: Jun | D8: 1 | E8: =DATEVALUE(D8&"-"&C8&"-"&B8) -> 34121 | F8: =DATEDIF(E8,DATE(2023,6,8),"Y") -> 30 | G8: 0 | H8: 650 | I8: tier - 3 | J8: tier - 3 | K8: R1013 | L8: =SUBSTITUTE(I8,"?","tier - 2") -> tier - 3 | M8: =SUBSTITUTE(J8,"?","tier - 2") -> tier - 3 | N8: =SUBSTITUTE(K8,"?","Unknown") -> R1013
A9: Id2328 | B9: 1995 | C9: Jul | D9: 4 | E9: =DATEVALUE(D9&"-"&C9&"-"&B9) -> 34884 | F9: =DATEDIF(E9,DATE(2023,6,8),"Y") -> 27 | G9: 0 | H9: 650 | I9: tier - 3 | J9: tier - 3 | K9: R1013 | L9: =SUBSTITUTE(I9,"?","tier - 2") -> tier - 3 | M9: =SUBSTITUTE(J9,"?","tier - 2") -> tier - 3 | N9: =SUBSTITUTE(K9,"?","Unknown") -> R1013
A10: Id2327 | B10: 2002 | C10: Nov | D10: 29 | E10: =DATEVALUE(D10&"-"&C10&"-"&B10) -> 37589 | F10: =DATEDIF(E10,DATE(2023,6,8),"Y") -> 20 | G10: 0 | H10: 668 | I10: tier - 3 | J10: tier - 2 | K10: R1012 | L10: =SUBSTITUTE(I10,"?","tier - 2") -> tier - 3 | M10: =SUBSTITUTE(J10,"?","tier - 2") -> tier - 2 | N10: =SUBSTITUTE(K10,"?","Unknown") -> R1012
A11: Id2326 | B11: 1997 | C11: Nov | D11: 9 | E11: =DATEVALUE(D11&"-"&C11&"-"&B11) -> 35743 | F11: =DATEDIF(E11,DATE(2023,6,8),"Y") -> 25 | G11: 0 | H11: 670 | I11: tier - 3 | J11: tier - 3 | K11: R1013 | L11: =SUBSTITUTE(I11,"?","tier - 2") -> tier - 3 | M11: =SUBSTITUTE(J11,"?","tier - 2") -> tier - 3 | N11: =SUBSTITUTE(K11,"?","Unknown") -> R1013
A12: Id2325 | B12: 2001 | C12: Sep | D12: 12 | E12: =DATEVALUE(D12&"-"&C12&"-"&B12) -> 37146 | F12: =DATEDIF(E12,DATE(2023,6,8),"Y") -> 21 | G12: 0 | H12: 687.54 | I12: tier - 3 | J12: tier - 2 | K12: R1013 | L12: =SUBSTITUTE(I12,"?","tier - 2") -> tier - 3 | M12: =SUBSTITUTE(J12,"?","tier - 2") -> tier - 2 | N12: =SUBSTITUTE(K12,"?","Unknown") -> R1013
A13: Id2324 | B13: 1999 | C13: Dec | D13: 26 | E13: =DATEVALUE(D13&"-"&C13&"-"&B13) -> 36520 | F13: =DATEDIF(E13,DATE(2023,6,8),"Y") -> 23 | G13: 0 | H13: 700 | I13: ? | J13: tier - 3 | K13: R1013 | L13: =SUBSTITUTE(I13,"?","tier - 2") -> tier - 2 | M13: =SUBSTITUTE(J13,"?","tier - 2") -> tier - 3 | N13: =SUBSTITUTE(K13,"?","Unknown") -> R1013
... A2344: Id1 | B2344: 1968 | C2344: Oct | D2344: 12 | E2344: =DATEVALUE(D2344&"-"&C2344&"-"&B2344) -> 25123 | F2344: =DATEDIF(E2344,DATE(2023,6,8),"Y") -> 54 | G2344: 0 | H2344: 63770.43 | I2344: tier - 1 | J2344: tier - 3 | K2344: R1013 | L2344: =SUBSTITUTE(I2344,"?","tier - 2") -> tier - 1 | M2344: =SUBSTITUTE(J2344,"?","tier - 2") -> tier - 3 | N2344: =SUBSTITUTE(K2344,"?","Unknown") -> R1013
H2346: tier 1 | I2346: =COUNTIF(I1:I2344,"tier - 1") -> 309 | J2346: =COUNTIF(J1:J2344,"tier - 1") -> 734
B2347: =AVERAGE(B2:B2344) -> 1982.8417 | H2347: tier 2 | I2347: =COUNTIF(I1:I2344,"tier - 2") -> 1339 | J2347: =COUNTIF(J1:J2344,"tier - 2") -> 812 | S2347: countblank | U2347: =COUNTBLANK(U2:U2344) -> 2343 | V2347: =COUNTBLANK(V2:V2344) -> 2343 | W2347: =COUNTBLANK(W2:W2344) -> 2343 | X2347: =COUNTBLANK(X2:X2344) -> 2343 | Y2347: =COUNTBLANK(Y2:Y2344) -> 2343 | Z2347: =COUNTBLANK(Z2:Z2344) -> 2343 | AA2347: =COUNTBLANK(AA2:AA2344) -> 2343 | AB2347: =COUNTBLANK(AB2:AB2344) -> 2343 | AC2347: =COUNTBLANK(AC2:AC2344) -> 2343
H2348: tier 3 | I2348: =COUNTIF(I1:I2344,"tier - 3") -> 694 | J2348: =COUNTIF(J1:J2344,"tier - 3") -> 796
H2349: ? | I2349: =COUNTIF(I1:I2344,"?") -> 1 | J2349: =COUNTIF(J1:J2344,"?") -> 1
A2353: 6 | B2353: 2 | C2353: =COUNTIF(C15:C2342,"?") -> 0 | D2353: 0 | G2353: 0 | H2353: 0 | I2353: 1 | J2353: 1 | K2353: 2

Sheet Pie,Donut chart
A3: Customers | B3: Count of Cancer history
A4: Non-smokers | B4: 874
A5: Smokers | B5: 221
A11: History of transplants | B11: Total number of Major Surgeries | C11: Average of HBA1C
A12: Without transplant | B12: 669 | C12: 4.8536345
A13: With transplant | B13: 109 | C13: 4.8053535

Sheet Bar Chart
A2: Row Labels | B2: Average of charges
A3: tier - 1 | B3: 27784.908
A4: R1011 | B4: 30361.392
A5: R1012 | B5: 24115.368
A6: tier - 2 | B6: 13340.102
A7: R1011 | B7: 17412.474
A8: R1012 | B8: 9570.2497
A9: tier - 3 | B9: 9073.1154
A10: R1011 | B10: 8245.0893
A11: R1012 | B11: 9721.1358
A12: Grand Total | B12: 14508.149

Sheet Column Chart
A2: Row Labels | B2: Average of charges
A3: Normal weight | B3: 7897.0779
A4: Normal | B4: 7897.0779
A5: Obesity | B5: 15188.437
A6: Normal | B6: 15188.437
A7: Over weight | B7: 10323.941
A8: Normal | B8: 10323.941
A9: Underweight | B9: 6911.0056
A10: Normal | B10: 6911.0056
A11: Grand Total | B11: 12090.723

Sheet Line,Scatter Chart
A3: Age | B3: Sum of BMI | C3: Sum of HBA1C
A4: 26 | B4: 1032.035 | C4: 164.15
A5: 27 | B5: 1313.935 | C5: 204.2
A6: 28 | B6: 1112.24 | C6: 170.55
A7: 29 | B7: 1169.705 | C7: 179.06
A8: 30 | B8: 1223.775 | C8: 174.41
A9: 31 | B9: 959.59 | C9: 154.27
A10: 32 | B10: 1172.79 | C10: 168.56
A11: 33 | B11: 1132 | C11: 172.63
A12: 34 | B12: 1263.185 | C12: 199.44
A13: 35 | B13: 885.62 | C13: 139.63
A14: 36 | B14: 27.1 | C14: 5.08
A15: 37 | B15: 1197.655 | C15: 198.26
... A23: 50 | B23: 1194.535 | C23: 183.61
A24: Grand Total | B24: 20630.945 | C24: 3212.44

Sheet Dashboard Visualization
A1: HEALTHCARE ANALYSIS
